studyName,Date GMT,Time GMT,Island,Colony,Adults,Chicks
PAL9192,1992-01-26,1700,CHR,1,166,306
PAL9192,1992-01-26,1700,CHR,2,53,90
PAL9192,1992-01-26,1700,CHR,3,138,208
PAL9192,1992-01-26,1700,CHR,4,17,29
PAL9192,1992-01-26,1700,CHR,5,32,32
PAL9192,1992-01-26,1700,CHR,6,100,172
PAL9192,1992-01-26,1700,CHR,7,303,407
PAL9192,1992-01-26,1700,CHR,7.1,27,30
PAL9192,1992-01-26,1700,CHR,7.2,65,97
PAL9192,1992-01-26,1700,CHR,8,143,227
PAL9192,1992-01-26,1700,CHR,9,79,63
PAL9192,1992-01-26,1700,CHR,10,15,13
PAL9192,1992-01-26,1700,CHR,11,24,10
PAL9192,1992-01-26,1430,COR,1,5,4
PAL9192,1992-01-26,1430,COR,2,82,119
PAL9192,1992-01-26,1430,COR,3,45,48
PAL9192,1992-01-26,1430,COR,4,12,29
PAL9192,1992-01-26,1430,COR,5,370,386
PAL9192,1992-01-26,1430,COR,5.1,151,173
PAL9192,1992-01-26,1430,COR,6,110,116
PAL9192,1992-01-26,1130,HUM,1.1,10,20
PAL9192,1992-01-26,1130,HUM,1.2,11,39
PAL9192,1992-01-26,1130,HUM,1.3,7,7
PAL9192,1992-01-26,1130,HUM,2.1,86,183
PAL9192,1992-01-26,1130,HUM,2.2,35,97
PAL9192,1992-01-26,1130,HUM,3,145,409
PAL9192,1992-01-26,1130,HUM,3.1,45,99
PAL9192,1992-01-26,1130,HUM,4,59,149
PAL9192,1992-01-26,1130,HUM,5,185,476
PAL9192,1992-01-26,2000,LIT,1,14,11
PAL9192,1992-01-26,2000,LIT,2,21,29
PAL9192,1992-01-26,2000,LIT,3,0,0
PAL9192,1992-01-26,2000,LIT,4,21,31
PAL9192,1992-01-26,2000,LIT,5,40,99
PAL9192,1992-01-26,2000,LIT,6,80,135
PAL9192,1992-01-26,2000,LIT,7,31,71
PAL9192,1992-01-26,2000,LIT,8,42,141
PAL9192,1992-01-26,2000,LIT,9,17,25
PAL9192,1992-01-26,800,TOR,1,122,162
PAL9192,1992-01-26,800,TOR,2,42,71
PAL9192,1992-01-26,800,TOR,3,27,30
PAL9192,1992-01-26,800,TOR,4,234,378
PAL9192,1992-01-26,800,TOR,5,85,144
PAL9192,1992-01-26,800,TOR,12,155,265
PAL9192,1992-01-26,800,TOR,13,193,339
PAL9192,1992-01-26,800,TOR,15,113,210
PAL9192,1992-01-26,800,TOR,17,15,25
PAL9192,1992-01-26,800,TOR,20,184,318
PAL9192,1992-01-26,800,TOR,21,89,189
PAL9192,1992-01-26,800,TOR,22,58,134
PAL9192,1992-01-26,800,TOR,23,172,203
PAL9192,1992-01-26,800,TOR,23.1,19,25
PAL9293,1993-01-26,1100,CHR,1,281,307
PAL9293,1993-01-26,1100,CHR,2,102,90
PAL9293,1993-01-26,1100,CHR,3,216,210
PAL9293,1993-01-26,1100,CHR,4,35,30
PAL9293,1993-01-26,1100,CHR,5,39,41
PAL9293,1993-01-26,1100,CHR,6,149,155
PAL9293,1993-01-26,1100,CHR,7,386,362
PAL9293,1993-01-26,1100,CHR,7.1,38,30
PAL9293,1993-01-26,1100,CHR,7.2,107,90
PAL9293,1993-01-26,1100,CHR,8,218,228
PAL9293,1993-01-26,1100,CHR,9.1,31,17
PAL9293,1993-01-26,1100,CHR,10,21,10
PAL9293,1993-01-26,1100,CHR,11,18,0
PAL9293,1993-01-26,1000,COR,1,8,5
PAL9293,1993-01-26,1000,COR,2,86,119
PAL9293,1993-01-26,1000,COR,3,55,50
PAL9293,1993-01-26,1000,COR,4,15,25
PAL9293,1993-01-26,1000,COR,5,342,356
PAL9293,1993-01-26,1000,COR,5.1,141,167
PAL9293,1993-01-26,1000,COR,6,148,141
PAL9293,1993-01-26,1300,HUM,1.1,24,15
PAL9293,1993-01-26,1300,HUM,1.2,20,39
PAL9293,1993-01-26,1300,HUM,1.3,6,7
PAL9293,1993-01-26,1300,HUM,2.1,60,195
PAL9293,1993-01-26,1300,HUM,2.2,35,109
PAL9293,1993-01-26,1300,HUM,3,197,451
PAL9293,1993-01-26,1300,HUM,3.1,65,82
PAL9293,1993-01-26,1300,HUM,4,140,168
PAL9293,1993-01-26,1300,HUM,5,210,524
PAL9293,1993-01-26,1400,LIT,1,36,32
PAL9293,1993-01-26,1400,LIT,2,21,9
PAL9293,1993-01-26,1400,LIT,3,0,0
PAL9293,1993-01-26,1400,LIT,4,41,25
PAL9293,1993-01-26,1400,LIT,5,75,105
PAL9293,1993-01-26,1400,LIT,6,94,135
PAL9293,1993-01-26,1400,LIT,7,52,82
PAL9293,1993-01-26,1400,LIT,8,93,148
PAL9293,1993-01-26,1400,LIT,9,21,9
PAL9293,1993-01-26,1500,TOR,1,119,205
PAL9293,1993-01-26,1500,TOR,2,47,64
PAL9293,1993-01-26,1500,TOR,3,23,26
PAL9293,1993-01-26,1500,TOR,4,237,441
PAL9293,1993-01-26,1500,TOR,5,133,170
PAL9293,1993-01-26,1500,TOR,12,185,285
PAL9293,1993-01-26,1500,TOR,13,212,334
PAL9293,1993-01-26,1500,TOR,15,195,252
PAL9293,1993-01-26,1500,TOR,17,24,30
PAL9293,1993-01-26,1500,TOR,20,219,317
PAL9293,1993-01-26,1500,TOR,21,180,207
PAL9293,1993-01-26,1500,TOR,22,156,109
PAL9293,1993-01-26,1500,TOR,23,167,282
PAL9293,1993-01-26,1500,TOR,23.1,28,29
PAL9394,1994-01-22,1500,LIT,1,19,11
PAL9394,1994-01-22,1500,LIT,2,37,28
PAL9394,1994-01-22,1500,LIT,3,0,0
PAL9394,1994-01-22,1500,LIT,4,32,20
PAL9394,1994-01-22,1500,LIT,5,113,80
PAL9394,1994-01-22,1500,LIT,6,130,104
PAL9394,1994-01-22,1500,LIT,7,72,76
PAL9394,1994-01-22,1500,LIT,8,147,138
PAL9394,1994-01-22,1500,LIT,9,33,24
PAL9394,1994-01-23,1200,CHR,1,184,310
PAL9394,1994-01-23,1200,CHR,2,49,96
PAL9394,1994-01-23,1200,CHR,3,128,130
PAL9394,1994-01-23,1200,CHR,4.1,13,26
PAL9394,1994-01-23,1200,CHR,5,28,43
PAL9394,1994-01-23,1200,CHR,6,104,161
PAL9394,1994-01-23,1200,CHR,7,302,410
PAL9394,1994-01-23,1200,CHR,7.1,25,34
PAL9394,1994-01-23,1200,CHR,7.2,41,101
PAL9394,1994-01-23,1200,CHR,8,180,214
PAL9394,1994-01-23,1200,CHR,9.1,33,12
PAL9394,1994-01-23,1200,CHR,10,13,2
PAL9394,1994-01-23,1200,CHR,11,4,0
PAL9394,1994-01-23,1430,COR,1,10,10
PAL9394,1994-01-23,1430,COR,2,98,121
PAL9394,1994-01-23,1430,COR,3,44,55
PAL9394,1994-01-23,1430,COR,4,12,27
PAL9394,1994-01-23,1430,COR,5,357,365
PAL9394,1994-01-23,1430,COR,5.1,163,183
PAL9394,1994-01-23,1430,COR,6,101,86
PAL9394,1994-01-23,1400,HUM,1.1,20,26
PAL9394,1994-01-23,1400,HUM,1.2,30,48
PAL9394,1994-01-23,1400,HUM,1.3,7,7
PAL9394,1994-01-23,1400,HUM,2.1,85,201
PAL9394,1994-01-23,1400,HUM,2.2,57,109
PAL9394,1994-01-23,1400,HUM,3,201,364
PAL9394,1994-01-23,1400,HUM,3.1,65,82
PAL9394,1994-01-23,1400,HUM,4,233,138
PAL9394,1994-01-23,1400,HUM,5,151,350
PAL9394,1994-01-23,1630,TOR,1,132,111
PAL9394,1994-01-23,1630,TOR,2,46,65
PAL9394,1994-01-23,1630,TOR,3,28,25
PAL9394,1994-01-23,1630,TOR,4,290,330
PAL9394,1994-01-23,1630,TOR,5,118,157
PAL9394,1994-01-23,1630,TOR,12,0,285
PAL9394,1994-01-23,1630,TOR,12,187,285
PAL9394,1994-01-23,1630,TOR,13,0,328
PAL9394,1994-01-23,1630,TOR,13,213,328
PAL9394,1994-01-23,1630,TOR,15,160,204
PAL9394,1994-01-23,1630,TOR,17,16,32
PAL9394,1994-01-23,1630,TOR,18,0,419
PAL9394,1994-01-23,1630,TOR,19,0,677
PAL9394,1994-01-23,1630,TOR,20,195,264
PAL9394,1994-01-23,1630,TOR,21,82,190
PAL9394,1994-01-23,1630,TOR,22,67,135
PAL9394,1994-01-23,1630,TOR,23,221,256
PAL9394,1994-01-23,1630,TOR,23.1,24,20
PAL9495,1995-01-16,1100,HUM,1.1,16,21
PAL9495,1995-01-16,1100,HUM,1.2,32,41
PAL9495,1995-01-16,1100,HUM,1.3,4,7
PAL9495,1995-01-16,1100,HUM,2.1,79,173
PAL9495,1995-01-16,1100,HUM,2.2,33,103
PAL9495,1995-01-16,1100,HUM,3,140,391
PAL9495,1995-01-16,1100,HUM,3.1,4,6
PAL9495,1995-01-16,1100,HUM,4,107,212
PAL9495,1995-01-16,1100,HUM,5,187,427
PAL9495,1995-01-16,1430,TOR,1,95,148
PAL9495,1995-01-16,1430,TOR,2,45,50
PAL9495,1995-01-16,1430,TOR,3,19,17
PAL9495,1995-01-16,1430,TOR,4,184,283
PAL9495,1995-01-16,1430,TOR,5,72,170
PAL9495,1995-01-16,1430,TOR,12,144,284
PAL9495,1995-01-16,1430,TOR,13,199,317
PAL9495,1995-01-16,1430,TOR,15,83,322
PAL9495,1995-01-16,1430,TOR,17,12,26
PAL9495,1995-01-16,1430,TOR,18,129,353
PAL9495,1995-01-16,1430,TOR,19,254,667
PAL9495,1995-01-16,1430,TOR,20,130,262
PAL9495,1995-01-16,1430,TOR,21,90,194
PAL9495,1995-01-16,1430,TOR,22,73,121
PAL9495,1995-01-16,1430,TOR,23,131,268
PAL9495,1995-01-16,1430,TOR,23.1,20,31
PAL9495,1995-01-17,1200,CHR,1,156,267
PAL9495,1995-01-17,1200,CHR,2,53,84
PAL9495,1995-01-17,1200,CHR,3,97,168
PAL9495,1995-01-17,NULL,CHR,3.1,0,0
PAL9495,1995-01-17,1200,CHR,4.1,16,19
PAL9495,1995-01-17,1200,CHR,5,50,50
PAL9495,1995-01-17,1200,CHR,6,106,160
PAL9495,1995-01-17,1200,CHR,7,242,435
PAL9495,1995-01-17,1200,CHR,7.1,26,33
PAL9495,1995-01-17,1200,CHR,7.2,53,100
PAL9495,1995-01-17,1200,CHR,8,141,234
PAL9495,1995-01-17,1200,CHR,9.1,29,49
PAL9495,1995-01-17,1200,CHR,10,13,13
PAL9495,1995-01-17,1200,CHR,11,4,3
PAL9495,1995-01-17,1000,COR,1,8,10
PAL9495,1995-01-17,1000,COR,2,71,108
PAL9495,1995-01-17,1000,COR,3,39,46
PAL9495,1995-01-17,1000,COR,4,15,21
PAL9495,1995-01-17,1000,COR,5,294,404
PAL9495,1995-01-17,1000,COR,5.1,117,190
PAL9495,1995-01-17,1000,COR,6,76,117
PAL9495,1995-01-17,1200,LIT,1,8,12
PAL9495,1995-01-17,1200,LIT,2,28,24
PAL9495,1995-01-17,1200,LIT,3,0,0
PAL9495,1995-01-17,1200,LIT,4,19,12
PAL9495,1995-01-17,1200,LIT,5,71,77
PAL9495,1995-01-17,1200,LIT,6,76,111
PAL9495,1995-01-17,1200,LIT,7,58,73
PAL9495,1995-01-17,1200,LIT,8,95,162
PAL9495,1995-01-17,1200,LIT,9,32,29
PAL9596,1996-01-18,1300,CHR,1,225,310
PAL9596,1996-01-18,1300,CHR,2,50,90
PAL9596,1996-01-18,1300,CHR,3,20,69
PAL9596,1996-01-18,1300,CHR,3.1,40,92
PAL9596,1996-01-18,1300,CHR,4.1,2,2
PAL9596,1996-01-18,1300,CHR,5,7,58
PAL9596,1996-01-18,1300,CHR,6,57,168
PAL9596,1996-01-18,1300,CHR,7,142,470
PAL9596,1996-01-18,1300,CHR,7.1,17,30
PAL9596,1996-01-18,1300,CHR,7.2,28,99
PAL9596,1996-01-18,1300,CHR,8,83,229
PAL9596,1996-01-18,1300,CHR,9.1,20,55
PAL9596,1996-01-18,1300,CHR,10,4,10
PAL9596,1996-01-18,1300,CHR,11,4,4
PAL9596,1996-01-18,1100,COR,1,5,8
PAL9596,1996-01-18,1100,COR,2,36,113
PAL9596,1996-01-18,1100,COR,3,28,54
PAL9596,1996-01-18,1100,COR,4,11,25
PAL9596,1996-01-18,1100,COR,5,143,399
PAL9596,1996-01-18,1100,COR,5.1,68,187
PAL9596,1996-01-18,1100,COR,6,44,102
PAL9596,1996-01-18,1600,HUM,1.1,5,4
PAL9596,1996-01-18,1600,HUM,1.2,6,26
PAL9596,1996-01-18,1600,HUM,1.3,0,0
PAL9596,1996-01-18,1600,HUM,2.1,15,169
PAL9596,1996-01-18,1600,HUM,2.2,11,98
PAL9596,1996-01-18,1600,HUM,3,60,415
PAL9596,1996-01-18,1600,HUM,3.1,0,0
PAL9596,1996-01-18,1600,HUM,4,56,205
PAL9596,1996-01-18,1600,HUM,5,75,426
PAL9596,1996-01-18,1700,TOR,1,68,141
PAL9596,1996-01-18,1700,TOR,2,17,40
PAL9596,1996-01-18,1700,TOR,3,21,11
PAL9596,1996-01-18,1700,TOR,4,102,279
PAL9596,1996-01-18,1700,TOR,5,35,108
PAL9596,1996-01-18,1700,TOR,12,81,275
PAL9596,1996-01-18,1700,TOR,13,101,288
PAL9596,1996-01-18,1700,TOR,15,55,223
PAL9596,1996-01-18,1700,TOR,17,2,17
PAL9596,1996-01-18,1700,TOR,18,118,350
PAL9596,1996-01-18,1700,TOR,19,150,713
PAL9596,1996-01-18,1700,TOR,20,82,246
PAL9596,1996-01-18,1700,TOR,21,34,146
PAL9596,1996-01-18,1700,TOR,22,51,85
PAL9596,1996-01-18,1700,TOR,23,122,233
PAL9596,1996-01-18,1700,TOR,23.1,3,27
PAL9596,1996-01-20,1100,LIT,1,6,14
PAL9596,1996-01-20,1100,LIT,2,18,29
PAL9596,1996-01-20,NULL,LIT,3,0,0
PAL9596,1996-01-20,1100,LIT,4,12,29
PAL9596,1996-01-20,1100,LIT,5,26,102
PAL9596,1996-01-20,1100,LIT,6,44,148
PAL9596,1996-01-20,1100,LIT,7,27,71
PAL9596,1996-01-20,1100,LIT,8,35,141
PAL9596,1996-01-20,1100,LIT,9,25,31
PAL9697,1997-01-25,1100,CHR,1,103,252
PAL9697,1997-01-25,1100,CHR,2,34,70
PAL9697,1997-01-25,1100,CHR,3,31,82
PAL9697,1997-01-25,1100,CHR,3.1,33,54
PAL9697,1997-01-25,1100,CHR,4.1,4,6
PAL9697,1997-01-25,1100,CHR,5,25,52
PAL9697,1997-01-25,1100,CHR,6,55,142
PAL9697,1997-01-25,1100,CHR,7,114,404
PAL9697,1997-01-25,1100,CHR,7.1,14,24
PAL9697,1997-01-25,1100,CHR,7.2,39,67
PAL9697,1997-01-25,1100,CHR,8,92,208
PAL9697,1997-01-25,1100,CHR,9.1,22,49
PAL9697,1997-01-25,1100,CHR,10,4,10
PAL9697,1997-01-25,1100,CHR,11,4,2
PAL9697,1997-01-25,1000,COR,1,4,3
PAL9697,1997-01-25,1000,COR,2,39,103
PAL9697,1997-01-25,1000,COR,3,39,48
PAL9697,1997-01-25,1000,COR,4,4,4
PAL9697,1997-01-25,1000,COR,5,211,385
PAL9697,1997-01-25,1000,COR,5.1,91,174
PAL9697,1997-01-25,1000,COR,6,58,85
PAL9697,1997-01-25,1300,HUM,1.1,0,0
PAL9697,1997-01-25,1300,HUM,1.2,2,3
PAL9697,1997-01-25,1300,HUM,1.3,0,0
PAL9697,1997-01-25,1300,HUM,2.1,38,107
PAL9697,1997-01-25,1300,HUM,2.2,8,91
PAL9697,1997-01-25,1300,HUM,3,54,326
PAL9697,1997-01-25,1300,HUM,3.1,6,3
PAL9697,1997-01-25,1300,HUM,4,31,188
PAL9697,1997-01-25,1300,HUM,5,85,345
PAL9697,1997-01-25,1200,LIT,1,11,6
PAL9697,1997-01-25,1200,LIT,2,19,23
PAL9697,1997-01-25,NULL,LIT,3,0,0
PAL9697,1997-01-25,1200,LIT,4,8,21
PAL9697,1997-01-25,1200,LIT,5,45,82
PAL9697,1997-01-25,1200,LIT,6,50,105
PAL9697,1997-01-25,1200,LIT,7,42,55
PAL9697,1997-01-25,1200,LIT,8,19,147
PAL9697,1997-01-25,1200,LIT,9,25,27
PAL9697,1997-01-25,1500,TOR,1,41,75
PAL9697,1997-01-25,1500,TOR,2,6,4
PAL9697,1997-01-25,1500,TOR,3,3,4
PAL9697,1997-01-25,1500,TOR,4,113,188
PAL9697,1997-01-25,1500,TOR,5,41,73
PAL9697,1997-01-25,1500,TOR,12,89,271
PAL9697,1997-01-25,1500,TOR,13,83,212
PAL9697,1997-01-25,1500,TOR,15,54,139
PAL9697,1997-01-25,1500,TOR,17,3,7
PAL9697,1997-01-25,1500,TOR,18,82,327
PAL9697,1997-01-25,1500,TOR,19,198,608
PAL9697,1997-01-25,1500,TOR,20,81,207
PAL9697,1997-01-25,1500,TOR,21,30,98
PAL9697,1997-01-25,1500,TOR,22,23,42
PAL9697,1997-01-25,1500,TOR,23,73,216
PAL9697,1997-01-25,1500,TOR,23.1,14,4
PAL9798,1997-01-29,1400,LIT,8,70,161
PAL9798,1997-01-29,1400,LIT,9,28,22
PAL9798,1998-01-29,1400,LIT,1,6,12
PAL9798,1998-01-29,1400,LIT,2,19,19
PAL9798,1998-01-29,NULL,LIT,3,0,0
PAL9798,1998-01-29,1400,LIT,4,33,49
PAL9798,1998-01-29,1400,LIT,5,34,84
PAL9798,1998-01-29,1400,LIT,6,58,114
PAL9798,1998-01-29,1400,LIT,7,50,50
PAL9798,1998-01-30,1000,HUM,1.1,0,0
PAL9798,1998-01-30,1000,HUM,1.2,0,0
PAL9798,1998-01-30,1000,HUM,1.3,0,0
PAL9798,1998-01-30,1000,HUM,2.1,145,170
PAL9798,1998-01-30,1000,HUM,2.2,42,70
PAL9798,1998-01-30,1000,HUM,3,145,335
PAL9798,1998-01-30,1000,HUM,3.1,4,1
PAL9798,1998-01-30,1000,HUM,4,77,141
PAL9798,1998-01-30,1000,HUM,5,172,342
PAL9798,1998-01-30,1200,TOR,1,75,74
PAL9798,1998-01-30,1200,TOR,2,0,0
PAL9798,1998-01-30,1200,TOR,3,7,2
PAL9798,1998-01-30,1200,TOR,4,141,173
PAL9798,1998-01-30,1200,TOR,5,64,58
PAL9798,1998-01-30,1200,TOR,12,163,256
PAL9798,1998-01-30,1200,TOR,13,172,167
PAL9798,1998-01-30,1200,TOR,15,99,140
PAL9798,1998-01-30,1200,TOR,17,7,3
PAL9798,1998-01-30,1200,TOR,18,134,314
PAL9798,1998-01-30,1200,TOR,19,267,590
PAL9798,1998-01-30,1200,TOR,20,205,196
PAL9798,1998-01-30,1200,TOR,21,41,86
PAL9798,1998-01-30,1200,TOR,22,29,30
PAL9798,1998-01-30,1200,TOR,23,150,220
PAL9798,1998-01-30,1200,TOR,23.1,15,4
PAL9798,1998-02-03,1300,CHR,1,109,231
PAL9798,1998-02-03,1300,CHR,2,48,62
PAL9798,1998-02-03,1300,CHR,3,33,79
PAL9798,1998-02-03,1300,CHR,3.1,19,44
PAL9798,1998-02-03,1300,CHR,4.1,2,5
PAL9798,1998-02-03,1300,CHR,5,25,49
PAL9798,1998-02-03,1300,CHR,6,82,118
PAL9798,1998-02-03,1300,CHR,7,202,354
PAL9798,1998-02-03,1300,CHR,7.1,14,14
PAL9798,1998-02-03,1300,CHR,7.2,41,60
PAL9798,1998-02-03,1300,CHR,8,119,167
PAL9798,1998-02-03,1300,CHR,9.1,28,43
PAL9798,1998-02-03,1300,CHR,10,5,7
PAL9798,1998-02-03,1300,CHR,11,0,0
PAL9798,1998-02-03,1200,COR,1,2,2
PAL9798,1998-02-03,1200,COR,2,61,105
PAL9798,1998-02-03,1200,COR,3,28,51
PAL9798,1998-02-03,1200,COR,4,3,3
PAL9798,1998-02-03,1200,COR,5,257,280
PAL9798,1998-02-03,1200,COR,5.1,100,134
PAL9798,1998-02-03,1200,COR,6,64,69
PAL9899,1999-01-23,1100,CHR,1,167,193
PAL9899,1999-01-23,1100,CHR,2,37,57
PAL9899,1999-01-23,1100,CHR,3,52,77
PAL9899,1999-01-23,1100,CHR,3.1,40,43
PAL9899,1999-01-23,1100,CHR,4.1,1,2
PAL9899,1999-01-23,1100,CHR,5,38,36
PAL9899,1999-01-23,1100,CHR,6,99,135
PAL9899,1999-01-23,1100,CHR,7,199,355
PAL9899,1999-01-23,1100,CHR,7.1,15,17
PAL9899,1999-01-23,1100,CHR,7.2,56,85
PAL9899,1999-01-23,1100,CHR,8,135,177
PAL9899,1999-01-23,1100,CHR,9.1,38,50
PAL9899,1999-01-23,1100,CHR,10,7,6
PAL9899,1999-01-23,1100,CHR,11,2,1
PAL9899,1999-01-23,1000,COR,1,0,0
PAL9899,1999-01-23,1000,COR,2,87,112
PAL9899,1999-01-23,1000,COR,3,47,60
PAL9899,1999-01-23,1000,COR,4,0,0
PAL9899,1999-01-23,1000,COR,5,275,367
PAL9899,1999-01-23,1000,COR,5.1,94,160
PAL9899,1999-01-23,1000,COR,6,63,56
PAL9899,1999-01-24,1200,HUM,1.1,0,0
PAL9899,1999-01-24,1200,HUM,1.2,0,0
PAL9899,1999-01-24,1200,HUM,1.3,0,0
PAL9899,1999-01-24,1200,HUM,2.1,75,144
PAL9899,1999-01-24,1200,HUM,2.2,51,83
PAL9899,1999-01-24,1200,HUM,3,68,358
PAL9899,1999-01-24,1200,HUM,3.1,0,0
PAL9899,1999-01-24,1200,HUM,4,46,132
PAL9899,1999-01-24,1200,HUM,5,72,300
PAL9899,1999-01-24,1100,LIT,1,7,1
PAL9899,1999-01-24,1100,LIT,2,18,7
PAL9899,1999-01-24,1100,LIT,3,0,0
PAL9899,1999-01-24,1100,LIT,4,16,3
PAL9899,1999-01-24,1100,LIT,5,39,62
PAL9899,1999-01-24,1100,LIT,6,49,112
PAL9899,1999-01-24,1100,LIT,7,31,45
PAL9899,1999-01-24,1100,LIT,8,65,163
PAL9899,1999-01-24,1100,LIT,9,23,29
PAL9899,1999-01-24,1400,TOR,1,46,37
PAL9899,1999-01-24,1400,TOR,2,0,0
PAL9899,1999-01-24,1400,TOR,3,0,0
PAL9899,1999-01-24,1400,TOR,4,96,115
PAL9899,1999-01-24,1400,TOR,5,32,29
PAL9899,1999-01-24,1400,TOR,12,93,225
PAL9899,1999-01-24,1400,TOR,13,80,161
PAL9899,1999-01-24,1400,TOR,15,45,132
PAL9899,1999-01-24,1400,TOR,17,2,3
PAL9899,1999-01-24,1400,TOR,18,85,329
PAL9899,1999-01-24,1400,TOR,19,178,610
PAL9899,1999-01-24,1400,TOR,20,83,196
PAL9899,1999-01-24,1400,TOR,21,28,34
PAL9899,1999-01-24,1400,TOR,22,10,10
PAL9899,1999-01-24,1400,TOR,23,87,194
PAL9899,1999-01-24,1400,TOR,23.1,0,0
PAL9900,2000-01-25,1200,HUM,1.1,0,0
PAL9900,2000-01-25,1200,HUM,1.2,0,0
PAL9900,2000-01-25,1200,HUM,1.3,0,0
PAL9900,2000-01-25,1200,HUM,2.1,102,120
PAL9900,2000-01-25,1200,HUM,2.2,51,78
PAL9900,2000-01-25,1200,HUM,3,121,307
PAL9900,2000-01-25,1200,HUM,3.1,0,0
PAL9900,2000-01-25,1200,HUM,4,54,117
PAL9900,2000-01-25,1200,HUM,5,123,194
PAL9900,2000-01-25,1100,LIT,1,7,1
PAL9900,2000-01-25,1100,LIT,2,15,9
PAL9900,2000-01-25,1100,LIT,3,0,0
PAL9900,2000-01-25,1100,LIT,4,10,1
PAL9900,2000-01-25,1100,LIT,5,69,28
PAL9900,2000-01-25,1100,LIT,6,95,48
PAL9900,2000-01-25,1100,LIT,7,48,30
PAL9900,2000-01-25,1100,LIT,8,135,150
PAL9900,2000-01-25,1100,LIT,9,30,23
PAL9900,2000-01-25,1600,TOR,1,42,23
PAL9900,2000-01-25,1600,TOR,2,0,0
PAL9900,2000-01-25,1600,TOR,3,0,0
PAL9900,2000-01-25,1600,TOR,4,84,107
PAL9900,2000-01-25,1600,TOR,5,23,30
PAL9900,2000-01-25,1600,TOR,12,116,207
PAL9900,2000-01-25,1600,TOR,13,94,136
PAL9900,2000-01-25,1600,TOR,15,55,151
PAL9900,2000-01-25,1600,TOR,17,0,0
PAL9900,2000-01-25,1600,TOR,18,80,255
PAL9900,2000-01-25,1600,TOR,19,163,643
PAL9900,2000-01-25,1600,TOR,20,96,186
PAL9900,2000-01-25,1600,TOR,21,3,1
PAL9900,2000-01-25,1600,TOR,22,0,0
PAL9900,2000-01-25,1600,TOR,23,118,120
PAL9900,2000-01-25,1600,TOR,23.1,0,0
PAL9900,2000-01-28,1600,CHR,1,90,196
PAL9900,2000-01-28,1600,CHR,2,28,51
PAL9900,2000-01-28,1600,CHR,3,31,70
PAL9900,2000-01-28,1600,CHR,3.1,28,32
PAL9900,2000-01-28,1600,CHR,4.1,1,1
PAL9900,2000-01-28,1600,CHR,5,15,50
PAL9900,2000-01-28,1600,CHR,6,74,142
PAL9900,2000-01-28,1600,CHR,7,219,379
PAL9900,2000-01-28,1600,CHR,7.1,18,21
PAL9900,2000-01-28,1600,CHR,7.2,36,93
PAL9900,2000-01-28,1600,CHR,8,110,182
PAL9900,2000-01-28,1600,CHR,9.1,28,57
PAL9900,2000-01-28,1600,CHR,10,3,3
PAL9900,2000-01-28,1600,CHR,11,2,2
PAL9900,2000-01-28,1400,COR,1,0,0
PAL9900,2000-01-28,1400,COR,2,46,101
PAL9900,2000-01-28,1400,COR,3,32,67
PAL9900,2000-01-28,1400,COR,4,0,0
PAL9900,2000-01-28,1400,COR,5,220,308
PAL9900,2000-01-28,1400,COR,5.1,81,152
PAL9900,2000-01-28,1400,COR,6,30,37
PAL0001,2001-01-22,1100,LIT,1,0,0
PAL0001,2001-01-22,1100,LIT,2,0,0
PAL0001,2001-01-22,1100,LIT,3,0,0
PAL0001,2001-01-22,1100,LIT,4,0,0
PAL0001,2001-01-22,1100,LIT,5,36,23
PAL0001,2001-01-22,1100,LIT,6,50,36
PAL0001,2001-01-22,1100,LIT,7,21,27
PAL0001,2001-01-22,1100,LIT,8,73,122
PAL0001,2001-01-22,1100,LIT,9,19,15
PAL0001,2001-01-23,1600,CHR,1,75,196
PAL0001,2001-01-23,1600,CHR,2,24,49
PAL0001,2001-01-23,1600,CHR,3,30,62
PAL0001,2001-01-23,1600,CHR,3.1,20,32
PAL0001,2001-01-23,1600,CHR,4.1,0,0
PAL0001,2001-01-23,1600,CHR,5,14,43
PAL0001,2001-01-23,1600,CHR,6,51,123
PAL0001,2001-01-23,1600,CHR,7,199,359
PAL0001,2001-01-23,1600,CHR,7.1,11,18
PAL0001,2001-01-23,1600,CHR,7.2,37,78
PAL0001,2001-01-23,1600,CHR,8,87,183
PAL0001,2001-01-23,1600,CHR,9.1,28,69
PAL0001,2001-01-23,1600,CHR,10,2,4
PAL0001,2001-01-23,1600,CHR,11,2,2
PAL0001,2001-01-23,1400,COR,1,0,0
PAL0001,2001-01-23,1400,COR,2,55,105
PAL0001,2001-01-23,1400,COR,3,32,61
PAL0001,2001-01-23,1400,COR,4,0,0
PAL0001,2001-01-23,1400,COR,5,228,318
PAL0001,2001-01-23,1400,COR,5.1,69,158
PAL0001,2001-01-23,1400,COR,6,23,21
PAL0001,2001-01-23,1200,HUM,1.1,0,0
PAL0001,2001-01-23,1200,HUM,1.2,0,0
PAL0001,2001-01-23,1200,HUM,1.3,0,0
PAL0001,2001-01-23,1200,HUM,2.1,25,128
PAL0001,2001-01-23,1200,HUM,2.2,17,85
PAL0001,2001-01-23,1200,HUM,3,53,335
PAL0001,2001-01-23,1200,HUM,3.1,0,0
PAL0001,2001-01-23,1200,HUM,4,24,111
PAL0001,2001-01-23,1200,HUM,5,47,266
PAL0001,2001-01-24,1600,TOR,1,29,42
PAL0001,2001-01-24,1600,TOR,2,0,0
PAL0001,2001-01-24,1600,TOR,3,0,0
PAL0001,2001-01-24,1600,TOR,4,46,120
PAL0001,2001-01-24,1600,TOR,5,9,42
PAL0001,2001-01-24,1600,TOR,12,154,218
PAL0001,2001-01-24,1600,TOR,13,109,145
PAL0001,2001-01-24,1600,TOR,15,35,157
PAL0001,2001-01-24,1600,TOR,17,0,0
PAL0001,2001-01-24,1600,TOR,18,35,252
PAL0001,2001-01-24,1600,TOR,19,134,668
PAL0001,2001-01-24,1600,TOR,20,52,165
PAL0001,2001-01-24,1600,TOR,21,0,0
PAL0001,2001-01-24,1600,TOR,22,0,0
PAL0001,2001-01-24,1600,TOR,23,55,108
PAL0001,2001-01-24,1600,TOR,23.1,0,0
PAL0102,2002-01-23,1200,HUM,1.1,0,0
PAL0102,2002-01-23,1200,HUM,1.2,0,0
PAL0102,2002-01-23,1200,HUM,1.3,0,0
PAL0102,2002-01-23,1200,HUM,2.1,32,21
PAL0102,2002-01-23,1200,HUM,2.2,19,37
PAL0102,2002-01-23,1200,HUM,3,81,144
PAL0102,2002-01-23,1200,HUM,3.1,0,0
PAL0102,2002-01-23,1200,HUM,4,1,22
PAL0102,2002-01-23,1200,HUM,5,45,48
PAL0102,2002-01-23,1100,LIT,1,0,0
PAL0102,2002-01-23,1100,LIT,2,0,0
PAL0102,2002-01-23,1100,LIT,3,0,0
PAL0102,2002-01-23,1100,LIT,4,0,0
PAL0102,2002-01-23,1100,LIT,5,19,0
PAL0102,2002-01-23,1100,LIT,6,16,0
PAL0102,2002-01-23,1100,LIT,7,0,0
PAL0102,2002-01-23,1100,LIT,8,56,0
PAL0102,2002-01-23,1100,LIT,9,0,0
PAL0102,2002-01-23,1600,TOR,1,7,11
PAL0102,2002-01-23,1600,TOR,2,0,0
PAL0102,2002-01-23,1600,TOR,3,0,0
PAL0102,2002-01-23,1600,TOR,4,65,29
PAL0102,2002-01-23,1600,TOR,5,14,23
PAL0102,2002-01-23,1600,TOR,12,62,33
PAL0102,2002-01-23,1600,TOR,13,41,38
PAL0102,2002-01-23,1600,TOR,15,57,68
PAL0102,2002-01-23,1600,TOR,17,0,0
PAL0102,2002-01-23,1600,TOR,18,27,26
PAL0102,2002-01-23,1600,TOR,19,181,86
PAL0102,2002-01-23,1600,TOR,20,57,32
PAL0102,2002-01-23,1600,TOR,21,0,0
PAL0102,2002-01-23,1600,TOR,22,0,0
PAL0102,2002-01-23,1600,TOR,23,46,26
PAL0102,2002-01-23,1600,TOR,23.1,0,0
PAL0102,2002-01-25,1100,CHR,1,1,16
PAL0102,2002-01-25,1100,CHR,2,12,48
PAL0102,2002-01-25,1100,CHR,3,5,25
PAL0102,2002-01-25,1100,CHR,3.1,0,0
PAL0102,2002-01-25,1100,CHR,4.1,0,0
PAL0102,2002-01-25,1100,CHR,5,9,12
PAL0102,2002-01-25,1100,CHR,6,16,73
PAL0102,2002-01-25,1100,CHR,7,67,217
PAL0102,2002-01-25,1100,CHR,7.1,0,0
PAL0102,2002-01-25,1100,CHR,7.2,12,28
PAL0102,2002-01-25,1100,CHR,8,32,70
PAL0102,2002-01-25,1100,CHR,9.1,15,22
PAL0102,2002-01-25,1100,CHR,10,0,0
PAL0102,2002-01-25,1100,CHR,11,0,0
PAL0102,2002-01-25,1000,COR,1,0,0
PAL0102,2002-01-25,1000,COR,2,18,38
PAL0102,2002-01-25,1000,COR,3,8,26
PAL0102,2002-01-25,1000,COR,4,0,0
PAL0102,2002-01-25,1000,COR,5,42,47
PAL0102,2002-01-25,1000,COR,5.1,17,63
PAL0102,2002-01-25,1000,COR,6,0,0
PAL0203,2003-01-25,1100,CHR,1,108,98
PAL0203,2003-01-25,1100,CHR,2,27,19
PAL0203,2003-01-25,1100,CHR,3,44,46
PAL0203,2003-01-25,1100,CHR,3.1,13,8
PAL0203,2003-01-25,1100,CHR,4.1,0,0
PAL0203,2003-01-25,1100,CHR,5,25,23
PAL0203,2003-01-25,1100,CHR,6,105,91
PAL0203,2003-01-25,1100,CHR,7,248,287
PAL0203,2003-01-25,1100,CHR,7.1,5,3
PAL0203,2003-01-25,1100,CHR,7.2,44,44
PAL0203,2003-01-25,1100,CHR,8,100,112
PAL0203,2003-01-25,1100,CHR,9.1,44,44
PAL0203,2003-01-25,1100,CHR,10,0,0
PAL0203,2003-01-25,1100,CHR,11,2,0
PAL0203,2003-01-25,1000,COR,1,0,0
PAL0203,2003-01-25,1000,COR,2,63,70
PAL0203,2003-01-25,1000,COR,3,42,45
PAL0203,2003-01-25,1000,COR,4,0,0
PAL0203,2003-01-25,1000,COR,5,162,168
PAL0203,2003-01-25,1000,COR,5.1,90,113
PAL0203,2003-01-25,1000,COR,6,5,3
PAL0203,2003-01-25,1200,HUM,1.1,0,0
PAL0203,2003-01-25,1200,HUM,1.2,0,0
PAL0203,2003-01-25,1200,HUM,1.3,0,0
PAL0203,2003-01-25,1200,HUM,2.1,45,50
PAL0203,2003-01-25,1200,HUM,2.2,35,63
PAL0203,2003-01-25,1200,HUM,3,211,267
PAL0203,2003-01-25,1200,HUM,3.1,0,0
PAL0203,2003-01-25,1200,HUM,4,44,55
PAL0203,2003-01-25,1200,HUM,5,130,171
PAL0203,2003-01-25,1100,LIT,1,0,0
PAL0203,2003-01-25,1100,LIT,2,0,0
PAL0203,2003-01-25,1100,LIT,3,0,0
PAL0203,2003-01-25,1100,LIT,4,0,0
PAL0203,2003-01-25,1100,LIT,5,2,0
PAL0203,2003-01-25,1100,LIT,6,0,0
PAL0203,2003-01-25,1100,LIT,7,0,0
PAL0203,2003-01-25,1100,LIT,8,56,4
PAL0203,2003-01-25,1100,LIT,9,0,0
PAL0203,2003-01-25,1600,TOR,1,14,7
PAL0203,2003-01-25,1600,TOR,2,0,0
PAL0203,2003-01-25,1600,TOR,3,0,0
PAL0203,2003-01-25,1600,TOR,4,70,78
PAL0203,2003-01-25,1600,TOR,5,35,35
PAL0203,2003-01-25,1600,TOR,12,87,83
PAL0203,2003-01-25,1600,TOR,13,63,45
PAL0203,2003-01-25,1600,TOR,15,82,107
PAL0203,2003-01-25,1600,TOR,17,0,0
PAL0203,2003-01-25,1600,TOR,18,95,122
PAL0203,2003-01-25,1600,TOR,19,336,447
PAL0203,2003-01-25,1600,TOR,20,82,105
PAL0203,2003-01-25,1600,TOR,21,0,0
PAL0203,2003-01-25,1600,TOR,22,0,0
PAL0203,2003-01-25,1600,TOR,23,69,63
PAL0203,2003-01-25,1600,TOR,23.1,0,0
PAL0304,2004-01-21,NULL,HUM,1.1,0,0
PAL0304,2004-01-21,NULL,HUM,1.2,0,0
PAL0304,2004-01-21,NULL,HUM,1.3,0,0
PAL0304,2004-01-21,NULL,HUM,2.1,40,58
PAL0304,2004-01-21,NULL,HUM,2.2,43,56
PAL0304,2004-01-21,NULL,HUM,3,195,211
PAL0304,2004-01-21,NULL,HUM,3.1,0,0
PAL0304,2004-01-21,NULL,HUM,4,35,40
PAL0304,2004-01-21,NULL,HUM,5,102,137
PAL0304,2004-01-21,NULL,LIT,1,0,0
PAL0304,2004-01-21,NULL,LIT,2,0,0
PAL0304,2004-01-21,NULL,LIT,3,0,0
PAL0304,2004-01-21,NULL,LIT,4,0,0
PAL0304,2004-01-21,NULL,LIT,5,0,0
PAL0304,2004-01-21,NULL,LIT,6,0,0
PAL0304,2004-01-21,NULL,LIT,7,0,0
PAL0304,2004-01-21,NULL,LIT,8,46,28
PAL0304,2004-01-21,NULL,LIT,9,0,0
PAL0304,2004-01-21,NULL,TOR,1,13,8
PAL0304,2004-01-21,NULL,TOR,2,0,0
PAL0304,2004-01-21,NULL,TOR,3,0,0
PAL0304,2004-01-21,NULL,TOR,4,65,75
PAL0304,2004-01-21,NULL,TOR,5,29,44
PAL0304,2004-01-21,NULL,TOR,12,70,67
PAL0304,2004-01-21,NULL,TOR,13,40,33
PAL0304,2004-01-21,NULL,TOR,15,81,113
PAL0304,2004-01-21,NULL,TOR,17,0,0
PAL0304,2004-01-21,NULL,TOR,18,89,132
PAL0304,2004-01-21,NULL,TOR,19,272,389
PAL0304,2004-01-21,NULL,TOR,20,77,118
PAL0304,2004-01-21,NULL,TOR,21,0,0
PAL0304,2004-01-21,NULL,TOR,22,0,0
PAL0304,2004-01-21,NULL,TOR,23,68,55
PAL0304,2004-01-21,NULL,TOR,23.1,0,0
PAL0304,2004-01-23,1100,CHR,1,96,91
PAL0304,2004-01-23,NULL,CHR,2,21,20
PAL0304,2004-01-23,NULL,CHR,3,45,39
PAL0304,2004-01-23,NULL,CHR,3.1,12,7
PAL0304,2004-01-23,NULL,CHR,4.1,0,0
PAL0304,2004-01-23,NULL,CHR,5,24,21
PAL0304,2004-01-23,NULL,CHR,6,0,0
PAL0304,2004-01-23,NULL,CHR,7,41,55
PAL0304,2004-01-23,NULL,CHR,7.1,277,331
PAL0304,2004-01-23,NULL,CHR,7.2,81,127
PAL0304,2004-01-23,NULL,CHR,8,96,110
PAL0304,2004-01-23,NULL,CHR,9.1,43,50
PAL0304,2004-01-23,NULL,CHR,10,0,0
PAL0304,2004-01-23,NULL,CHR,11,2,0
PAL0304,2004-01-23,NULL,COR,1,0,0
PAL0304,2004-01-23,NULL,COR,2,62,67
PAL0304,2004-01-23,NULL,COR,3,44,32
PAL0304,2004-01-23,NULL,COR,4,0,0
PAL0304,2004-01-23,NULL,COR,5,135,130
PAL0304,2004-01-23,NULL,COR,5.1,86,103
PAL0304,2004-01-23,NULL,COR,6,0,0
PAL0405,2005-01-26,NULL,HUM,1.1,0,0
PAL0405,2005-01-26,NULL,HUM,1.2,0,0
PAL0405,2005-01-26,NULL,HUM,1.3,0,0
PAL0405,2005-01-26,NULL,HUM,2.1,45,40
PAL0405,2005-01-26,NULL,HUM,2.2,45,50
PAL0405,2005-01-26,NULL,HUM,3,0,0
PAL0405,2005-01-26,NULL,HUM,3.1,0,0
PAL0405,2005-01-26,NULL,HUM,4,20,23
PAL0405,2005-01-26,NULL,HUM,5,78,73
PAL0405,2005-01-26,NULL,TOR,1,0,0
PAL0405,2005-01-26,NULL,TOR,2,0,0
PAL0405,2005-01-26,NULL,TOR,3,0,0
PAL0405,2005-01-26,NULL,TOR,4,63,54
PAL0405,2005-01-26,NULL,TOR,5,28,26
PAL0405,2005-01-26,NULL,TOR,12,42,25
PAL0405,2005-01-26,NULL,TOR,13,17,19
PAL0405,2005-01-26,NULL,TOR,15,76,90
PAL0405,2005-01-26,NULL,TOR,17,0,0
PAL0405,2005-01-26,NULL,TOR,18,0,45
PAL0405,2005-01-26,NULL,TOR,19,0,296
PAL0405,2005-01-26,NULL,TOR,20,69,94
PAL0405,2005-01-26,NULL,TOR,21,0,0
PAL0405,2005-01-26,NULL,TOR,22,0,0
PAL0405,2005-01-26,NULL,TOR,23,42,12
PAL0405,2005-01-26,NULL,TOR,23.1,0,0
PAL0405,2005-01-27,1100,CHR,1,45,27
PAL0405,2005-01-27,NULL,CHR,2,0,0
PAL0405,2005-01-27,NULL,CHR,3,26,37
PAL0405,2005-01-27,NULL,CHR,3.1,0,0
PAL0405,2005-01-27,NULL,CHR,4.1,0,0
PAL0405,2005-01-27,NULL,CHR,5,14,7
PAL0405,2005-01-27,NULL,CHR,6,76,98
PAL0405,2005-01-27,NULL,CHR,7,0,0
PAL0405,2005-01-27,NULL,CHR,7.1,0,0
PAL0405,2005-01-27,NULL,CHR,7.2,0,39
PAL0405,2005-01-27,NULL,CHR,8,94,99
PAL0405,2005-01-27,NULL,CHR,9.1,41,43
PAL0405,2005-01-27,NULL,CHR,10,0,0
PAL0405,2005-01-27,NULL,CHR,11,0,0
PAL0405,2005-01-27,NULL,COR,1,0,0
PAL0405,2005-01-27,NULL,COR,2,48,54
PAL0405,2005-01-27,NULL,COR,3,31,42
PAL0405,2005-01-27,NULL,COR,4,0,0
PAL0405,2005-01-27,NULL,COR,5,0,52
PAL0405,2005-01-27,NULL,COR,5.1,69,79
PAL0405,2005-01-27,NULL,COR,6,0,0
PAL0405,2005-01-27,NULL,LIT,1,0,0
PAL0405,2005-01-27,NULL,LIT,2,0,0
PAL0405,2005-01-27,NULL,LIT,3,0,0
PAL0405,2005-01-27,NULL,LIT,4,0,0
PAL0405,2005-01-27,NULL,LIT,5,0,0
PAL0405,2005-01-27,NULL,LIT,6,0,0
PAL0405,2005-01-27,NULL,LIT,7,0,0
PAL0405,2005-01-27,NULL,LIT,8,30,14
PAL0405,2005-01-27,NULL,LIT,9,0,0
PAL0506,2006-01-16,NULL,LIT,1,0,0
PAL0506,2006-01-16,NULL,LIT,2,0,0
PAL0506,2006-01-16,NULL,LIT,3,0,0
PAL0506,2006-01-16,NULL,LIT,4,0,0
PAL0506,2006-01-16,NULL,LIT,5,0,0
PAL0506,2006-01-16,NULL,LIT,6,0,0
PAL0506,2006-01-16,NULL,LIT,7,0,0
PAL0506,2006-01-16,NULL,LIT,8,6,5
PAL0506,2006-01-16,NULL,LIT,9,0,0
PAL0506,2006-01-18,1100,CHR,1,40,30
PAL0506,2006-01-18,NULL,CHR,2,0,0
PAL0506,2006-01-18,NULL,CHR,3,40,35
PAL0506,2006-01-18,NULL,CHR,3.1,0,0
PAL0506,2006-01-18,NULL,CHR,4.1,0,0
PAL0506,2006-01-18,NULL,CHR,5,12,4
PAL0506,2006-01-18,NULL,CHR,6,75,90
PAL0506,2006-01-18,NULL,CHR,7,243,246
PAL0506,2006-01-18,NULL,CHR,7.1,0,0
PAL0506,2006-01-18,NULL,CHR,7.2,27,23
PAL0506,2006-01-18,NULL,CHR,8,98,95
PAL0506,2006-01-18,NULL,CHR,9.1,36,49
PAL0506,2006-01-18,NULL,CHR,10,0,0
PAL0506,2006-01-18,NULL,CHR,11,0,0
PAL0506,2006-01-18,NULL,COR,1,0,0
PAL0506,2006-01-18,NULL,COR,2,52,60
PAL0506,2006-01-18,NULL,COR,3,32,42
PAL0506,2006-01-18,NULL,COR,4,0,0
PAL0506,2006-01-18,NULL,COR,5,23,21
PAL0506,2006-01-18,NULL,COR,5.1,66,75
PAL0506,2006-01-18,NULL,COR,6,0,0
PAL0506,2006-01-18,NULL,HUM,1.1,0,0
PAL0506,2006-01-18,NULL,HUM,1.2,0,0
PAL0506,2006-01-18,NULL,HUM,1.3,0,0
PAL0506,2006-01-18,NULL,HUM,2.1,23,42
PAL0506,2006-01-18,NULL,HUM,2.2,22,53
PAL0506,2006-01-18,NULL,HUM,3,48,83
PAL0506,2006-01-18,NULL,HUM,3.1,0,0
PAL0506,2006-01-18,NULL,HUM,4,8,14
PAL0506,2006-01-18,NULL,HUM,5,35,74
PAL0506,2006-01-18,NULL,TOR,1,0,0
PAL0506,2006-01-18,NULL,TOR,2,0,0
PAL0506,2006-01-18,NULL,TOR,3,0,0
PAL0506,2006-01-18,NULL,TOR,4,34,24
PAL0506,2006-01-18,NULL,TOR,5,18,24
PAL0506,2006-01-18,NULL,TOR,12,7,3
PAL0506,2006-01-18,NULL,TOR,13,0,0
PAL0506,2006-01-18,NULL,TOR,15,60,60
PAL0506,2006-01-18,NULL,TOR,17,0,0
PAL0506,2006-01-18,NULL,TOR,18,30,42
PAL0506,2006-01-18,NULL,TOR,19,184,252
PAL0506,2006-01-18,NULL,TOR,20,50,68
PAL0506,2006-01-18,NULL,TOR,21,0,0
PAL0506,2006-01-18,NULL,TOR,22,0,0
PAL0506,2006-01-18,NULL,TOR,23,7,0
PAL0506,2006-01-18,NULL,TOR,23.1,0,0
PAL0607,2007-01-22,1100,CHR,1,16,14
PAL0607,2007-01-22,NULL,CHR,2,0,0
PAL0607,2007-01-22,NULL,CHR,3,31,26
PAL0607,2007-01-22,NULL,CHR,3.1,0,0
PAL0607,2007-01-22,NULL,CHR,4.1,0,0
PAL0607,2007-01-22,NULL,CHR,5,0,0
PAL0607,2007-01-22,NULL,CHR,6,59,41
PAL0607,2007-01-22,NULL,CHR,7,0,234
PAL0607,2007-01-22,NULL,CHR,7.1,0,0
PAL0607,2007-01-22,NULL,CHR,7.2,0,18
PAL0607,2007-01-22,NULL,CHR,8,87,54
PAL0607,2007-01-22,NULL,CHR,9.1,38,49
PAL0607,2007-01-22,NULL,CHR,10,0,0
PAL0607,2007-01-22,NULL,COR,1,0,0
PAL0607,2007-01-22,NULL,COR,2,41,35
PAL0607,2007-01-22,NULL,COR,3,30,29
PAL0607,2007-01-22,NULL,COR,4,0,0
PAL0607,2007-01-22,NULL,COR,5,23,11
PAL0607,2007-01-22,NULL,COR,5.1,55,47
PAL0607,2007-01-22,NULL,COR,6,0,0
PAL0607,2007-01-24,NULL,HUM,1.1,0,0
PAL0607,2007-01-24,NULL,HUM,1.2,0,0
PAL0607,2007-01-24,NULL,HUM,1.3,0,0
PAL0607,2007-01-24,NULL,HUM,2.1,24,33
PAL0607,2007-01-24,NULL,HUM,2.2,27,44
PAL0607,2007-01-24,NULL,HUM,3.1,0,0
PAL0607,2007-01-24,NULL,HUM,4,0,0
PAL0607,2007-01-24,NULL,HUM,5,29,27
PAL0607,2007-01-24,NULL,LIT,1,0,0
PAL0607,2007-01-24,NULL,LIT,2,0,0
PAL0607,2007-01-24,NULL,LIT,3,0,0
PAL0607,2007-01-24,NULL,LIT,4,0,0
PAL0607,2007-01-24,NULL,LIT,5,0,0
PAL0607,2007-01-24,NULL,LIT,6,0,0
PAL0607,2007-01-24,NULL,LIT,7,0,0
PAL0607,2007-01-24,NULL,LIT,8,0,0
PAL0607,2007-01-24,NULL,LIT,9,0,0
PAL0607,2007-01-24,NULL,TOR,1,0,0
PAL0607,2007-01-24,NULL,TOR,2,0,0
PAL0607,2007-01-24,NULL,TOR,3,0,0
PAL0607,2007-01-24,NULL,TOR,4,21,20
PAL0607,2007-01-24,NULL,TOR,5,10,3
PAL0607,2007-01-24,NULL,TOR,12,0,0
PAL0607,2007-01-24,NULL,TOR,13,0,0
PAL0607,2007-01-24,NULL,TOR,15,52,46
PAL0607,2007-01-24,NULL,TOR,17,0,0
PAL0607,2007-01-24,NULL,TOR,18,34,28
PAL0607,2007-01-24,NULL,TOR,19,150,148
PAL0607,2007-01-24,NULL,TOR,20,48,52
PAL0607,2007-01-24,NULL,TOR,21,0,0
PAL0607,2007-01-24,NULL,TOR,22,0,0
PAL0607,2007-01-24,NULL,TOR,23,0,0
PAL0607,2007-01-24,NULL,TOR,23.1,0,0
PAL0607,2007-01-25,NULL,HUM,3,57,136
PAL0708,2008-01-23,1100,CHR,1,15,7
PAL0708,2008-01-23,NULL,CHR,2,0,0
PAL0708,2008-01-23,NULL,CHR,3,27,33
PAL0708,2008-01-23,NULL,CHR,4.1,0,0
PAL0708,2008-01-23,NULL,CHR,5,0,0
PAL0708,2008-01-23,NULL,CHR,6,47,36
PAL0708,2008-01-23,NULL,CHR,7,195,171
PAL0708,2008-01-23,NULL,CHR,7.1,0,0
PAL0708,2008-01-23,NULL,CHR,7.2,18,17
PAL0708,2008-01-23,NULL,CHR,8,54,47
PAL0708,2008-01-23,NULL,CHR,9.1,33,40
PAL0708,2008-01-23,NULL,CHR,10,0,0
PAL0708,2008-01-23,NULL,CHR,11,0,0
PAL0708,2008-01-23,NULL,COR,1,0,0
PAL0708,2008-01-23,NULL,COR,2,33,31
PAL0708,2008-01-23,NULL,COR,3,21,21
PAL0708,2008-01-23,NULL,COR,4,0,0
PAL0708,2008-01-23,NULL,COR,5,13,5
PAL0708,2008-01-23,NULL,COR,5.1,50,35
PAL0708,2008-01-23,NULL,COR,6,0,0
PAL0708,2008-01-23,NULL,HUM,1.1,0,0
PAL0708,2008-01-23,NULL,HUM,1.2,0,0
PAL0708,2008-01-23,NULL,HUM,1.3,0,0
PAL0708,2008-01-23,NULL,HUM,2.1,32,15
PAL0708,2008-01-23,NULL,HUM,2.2,31,46
PAL0708,2008-01-23,NULL,HUM,3,60,87
PAL0708,2008-01-23,NULL,HUM,3.1,0,0
PAL0708,2008-01-23,NULL,HUM,4,0,0
PAL0708,2008-01-23,NULL,HUM,5,34,34
PAL0708,2008-01-23,NULL,LIT,1,0,0
PAL0708,2008-01-23,NULL,LIT,2,0,0
PAL0708,2008-01-23,NULL,LIT,3,0,0
PAL0708,2008-01-23,NULL,LIT,4,0,0
PAL0708,2008-01-23,NULL,LIT,5,0,0
PAL0708,2008-01-23,NULL,LIT,6,0,0
PAL0708,2008-01-23,NULL,LIT,7,0,0
PAL0708,2008-01-23,NULL,LIT,8,0,0
PAL0708,2008-01-23,NULL,LIT,9,0,0
PAL0708,2008-01-23,NULL,TOR,1,0,0
PAL0708,2008-01-23,NULL,TOR,2,0,0
PAL0708,2008-01-23,NULL,TOR,3,0,0
PAL0708,2008-01-23,NULL,TOR,4,22,2
PAL0708,2008-01-23,NULL,TOR,5,0,0
PAL0708,2008-01-23,NULL,TOR,12,0,0
PAL0708,2008-01-23,NULL,TOR,13,0,0
PAL0708,2008-01-23,NULL,TOR,15,36,19
PAL0708,2008-01-23,NULL,TOR,17,0,0
PAL0708,2008-01-23,NULL,TOR,18,27,20
PAL0708,2008-01-23,NULL,TOR,19,148,119
PAL0708,2008-01-23,NULL,TOR,20,52,29
PAL0708,2008-01-23,NULL,TOR,21,0,0
PAL0708,2008-01-23,NULL,TOR,22,0,0
PAL0708,2008-01-23,NULL,TOR,23,0,0
PAL0708,2008-01-23,NULL,TOR,23.1,0,0
PAL0809,2009-01-16,1100,CHR,1,11,8
PAL0809,2009-01-16,NULL,CHR,2,0,0
PAL0809,2009-01-16,NULL,CHR,3,22,10
PAL0809,2009-01-16,NULL,CHR,4.1,0,0
PAL0809,2009-01-16,NULL,CHR,5,0,0
PAL0809,2009-01-16,NULL,CHR,6,45,22
PAL0809,2009-01-16,NULL,CHR,7,209,139
PAL0809,2009-01-16,NULL,CHR,7.1,0,0
PAL0809,2009-01-16,NULL,CHR,7.2,16,10
PAL0809,2009-01-16,NULL,CHR,8,57,35
PAL0809,2009-01-16,NULL,CHR,9.1,37,37
PAL0809,2009-01-16,NULL,CHR,10,0,0
PAL0809,2009-01-16,NULL,CHR,11,0,0
PAL0809,2009-01-16,NULL,COR,1,0,0
PAL0809,2009-01-16,NULL,COR,2,40,31
PAL0809,2009-01-16,NULL,COR,3,28,35
PAL0809,2009-01-16,NULL,COR,4,0,0
PAL0809,2009-01-16,NULL,COR,5,9,8
PAL0809,2009-01-16,NULL,COR,5.1,46,43
PAL0809,2009-01-16,NULL,COR,6,0,0
PAL0809,2009-01-16,NULL,HUM,1.1,0,0
PAL0809,2009-01-16,NULL,HUM,1.2,0,0
PAL0809,2009-01-16,NULL,HUM,1.3,0,0
PAL0809,2009-01-16,NULL,HUM,2.1,28,23
PAL0809,2009-01-16,NULL,HUM,2.2,38,45
PAL0809,2009-01-16,NULL,HUM,3,69,78
PAL0809,2009-01-16,NULL,HUM,3.1,0,0
PAL0809,2009-01-16,NULL,HUM,4,0,0
PAL0809,2009-01-16,NULL,HUM,5,28,28
PAL0809,2009-01-16,NULL,LIT,1,0,0
PAL0809,2009-01-16,NULL,LIT,2,0,0
PAL0809,2009-01-16,NULL,LIT,3,0,0
PAL0809,2009-01-16,NULL,LIT,4,0,0
PAL0809,2009-01-16,NULL,LIT,5,0,0
PAL0809,2009-01-16,NULL,LIT,6,0,0
PAL0809,2009-01-16,NULL,LIT,7,0,0
PAL0809,2009-01-16,NULL,LIT,8,0,0
PAL0809,2009-01-16,NULL,LIT,9,0,0
PAL0809,2009-01-16,NULL,TOR,1,0,0
PAL0809,2009-01-16,NULL,TOR,2,0,0
PAL0809,2009-01-16,NULL,TOR,3,0,0
PAL0809,2009-01-16,NULL,TOR,4,20,8
PAL0809,2009-01-16,NULL,TOR,5,0,0
PAL0809,2009-01-16,NULL,TOR,12,0,0
PAL0809,2009-01-16,NULL,TOR,13,0,0
PAL0809,2009-01-16,NULL,TOR,15,31,13
PAL0809,2009-01-16,NULL,TOR,17,0,0
PAL0809,2009-01-16,NULL,TOR,18,27,23
PAL0809,2009-01-16,NULL,TOR,19,157,138
PAL0809,2009-01-16,NULL,TOR,20,52,45
PAL0809,2009-01-16,NULL,TOR,21,0,0
PAL0809,2009-01-16,NULL,TOR,22,0,0
PAL0809,2009-01-16,NULL,TOR,23,0,0
PAL0809,2009-01-16,NULL,TOR,23.1,0,0
PAL0910,2010-01-26,1100,CHR,1,9,11
PAL0910,2010-01-26,NULL,CHR,2,0,0
PAL0910,2010-01-26,NULL,CHR,3,18,16
PAL0910,2010-01-26,NULL,CHR,4.1,0,0
PAL0910,2010-01-26,NULL,CHR,5,0,0
PAL0910,2010-01-26,NULL,CHR,6,29,26
PAL0910,2010-01-26,NULL,CHR,7,190,152
PAL0910,2010-01-26,NULL,CHR,7.1,0,0
PAL0910,2010-01-26,NULL,CHR,7.2,12,10
PAL0910,2010-01-26,NULL,CHR,8,42,42
PAL0910,2010-01-26,NULL,CHR,9.1,42,35
PAL0910,2010-01-26,NULL,CHR,10,0,0
PAL0910,2010-01-26,NULL,CHR,11,0,0
PAL0910,2010-01-26,NULL,COR,1,0,0
PAL0910,2010-01-26,NULL,COR,2,29,29
PAL0910,2010-01-26,NULL,COR,3,20,22
PAL0910,2010-01-26,NULL,COR,4,0,0
PAL0910,2010-01-26,NULL,COR,5,0,0
PAL0910,2010-01-26,NULL,COR,5.1,45,35
PAL0910,2010-01-26,NULL,COR,6,0,0
PAL0910,2010-01-26,NULL,HUM,1.1,0,0
PAL0910,2010-01-26,NULL,HUM,1.2,0,0
PAL0910,2010-01-26,NULL,HUM,1.3,0,0
PAL0910,2010-01-26,NULL,HUM,2.1,15,13
PAL0910,2010-01-26,NULL,HUM,2.2,35,41
PAL0910,2010-01-26,NULL,HUM,3,53,94
PAL0910,2010-01-26,NULL,HUM,3.1,0,0
PAL0910,2010-01-26,NULL,HUM,4,0,0
PAL0910,2010-01-26,NULL,HUM,5,17,18
PAL0910,2010-01-26,NULL,LIT,1,0,0
PAL0910,2010-01-26,NULL,LIT,2,0,0
PAL0910,2010-01-26,NULL,LIT,3,0,0
PAL0910,2010-01-26,NULL,LIT,4,0,0
PAL0910,2010-01-26,NULL,LIT,5,0,0
PAL0910,2010-01-26,NULL,LIT,6,0,0
PAL0910,2010-01-26,NULL,LIT,7,0,0
PAL0910,2010-01-26,NULL,LIT,8,0,0
PAL0910,2010-01-26,NULL,LIT,9,0,0
PAL0910,2010-01-26,NULL,TOR,1,0,0
PAL0910,2010-01-26,NULL,TOR,2,0,0
PAL0910,2010-01-26,NULL,TOR,3,0,0
PAL0910,2010-01-26,NULL,TOR,4,18,12
PAL0910,2010-01-26,NULL,TOR,5,0,0
PAL0910,2010-01-26,NULL,TOR,12,0,0
PAL0910,2010-01-26,NULL,TOR,13,0,0
PAL0910,2010-01-26,NULL,TOR,15,24,4
PAL0910,2010-01-26,NULL,TOR,17,0,0
PAL0910,2010-01-26,NULL,TOR,18,25,9
PAL0910,2010-01-26,NULL,TOR,19,141,88
PAL0910,2010-01-26,NULL,TOR,20,50,47
PAL0910,2010-01-26,NULL,TOR,21,0,0
PAL0910,2010-01-26,NULL,TOR,22,0,0
PAL0910,2010-01-26,NULL,TOR,23,0,0
PAL0910,2010-01-26,NULL,TOR,23.1,0,0
PAL1011,2011-01-18,1300,CHR,1,11,2
PAL1011,2011-01-18,1300,CHR,2,0,0
PAL1011,2011-01-18,1300,CHR,3,16,4
PAL1011,2011-01-18,1300,CHR,4.1,0,0
PAL1011,2011-01-18,1300,CHR,5,0,0
PAL1011,2011-01-18,1300,CHR,6,15,6
PAL1011,2011-01-18,1300,CHR,8,34,24
PAL1011,2011-01-18,1300,CHR,9.1,39,25
PAL1011,2011-01-18,1300,CHR,10,0,0
PAL1011,2011-01-18,1300,CHR,11,0,0
PAL1011,2011-01-18,1500,COR,1,0,0
PAL1011,2011-01-18,1500,COR,2,27,14
PAL1011,2011-01-18,1500,COR,3,21,14
PAL1011,2011-01-18,1500,COR,4,0,0
PAL1011,2011-01-18,1500,COR,5,0,0
PAL1011,2011-01-18,1500,COR,5.1,38,30
PAL1011,2011-01-18,1500,COR,6,0,0
PAL1011,2011-01-18,1200,HUM,1.1,0,0
PAL1011,2011-01-18,1200,HUM,1.2,0,0
PAL1011,2011-01-18,1200,HUM,1.3,0,0
PAL1011,2011-01-18,1200,HUM,2.1,19,14
PAL1011,2011-01-18,1200,HUM,2.2,33,33
PAL1011,2011-01-18,1200,HUM,3.1,0,0
PAL1011,2011-01-18,1200,HUM,4,0,0
PAL1011,2011-01-18,1200,HUM,5,24,14
PAL1011,2011-01-18,1300,LIT,1,0,0
PAL1011,2011-01-18,1300,LIT,2,0,0
PAL1011,2011-01-18,1300,LIT,3,0,0
PAL1011,2011-01-18,1300,LIT,4,0,0
PAL1011,2011-01-18,1300,LIT,5,0,0
PAL1011,2011-01-18,1300,LIT,6,0,0
PAL1011,2011-01-18,1300,LIT,7,0,0
PAL1011,2011-01-18,1300,LIT,8,0,0
PAL1011,2011-01-18,1300,LIT,9,0,0
PAL1011,2011-01-18,1400,TOR,1,0,0
PAL1011,2011-01-18,1400,TOR,2,0,0
PAL1011,2011-01-18,1400,TOR,3,0,0
PAL1011,2011-01-18,1400,TOR,4,8,5
PAL1011,2011-01-18,1400,TOR,5,0,0
PAL1011,2011-01-18,1400,TOR,12,0,0
PAL1011,2011-01-18,1400,TOR,13,0,0
PAL1011,2011-01-18,1400,TOR,15,8,5
PAL1011,2011-01-18,1400,TOR,17,0,0
PAL1011,2011-01-18,1400,TOR,20,41,27
PAL1011,2011-01-18,1400,TOR,21,0,0
PAL1011,2011-01-18,1400,TOR,22,0,0
PAL1011,2011-01-18,1400,TOR,23,0,0
PAL1011,2011-01-18,1400,TOR,23.1,0,0
PAL1011,2011-01-19,1300,CHR,7,169,111
PAL1011,2011-01-19,1300,CHR,7.1,0,0
PAL1011,2011-01-19,1300,CHR,7.2,9,5
PAL1011,2011-01-19,1200,HUM,3,71,74
PAL1011,2011-01-19,1400,TOR,18,20,11
PAL1011,2011-01-19,1400,TOR,19,120,52
PAL1112,2012-01-19,1100,CHR,1,9,4
PAL1112,2012-01-19,1100,CHR,2,0,0
PAL1112,2012-01-19,1100,CHR,3,9,0
PAL1112,2012-01-19,1100,CHR,4.1,0,0
PAL1112,2012-01-19,1100,CHR,5,0,0
PAL1112,2012-01-19,1100,CHR,6,21,7
PAL1112,2012-01-19,1100,CHR,7,195,100
PAL1112,2012-01-19,1100,CHR,7.1,0,0
PAL1112,2012-01-19,1100,CHR,7.2,4,0
PAL1112,2012-01-19,1100,CHR,8,33,18
PAL1112,2012-01-19,1100,CHR,9.1,32,8
PAL1112,2012-01-19,1100,CHR,10,0,0
PAL1112,2012-01-19,1100,CHR,11,0,0
PAL1112,2012-01-19,1000,COR,1,0,0
PAL1112,2012-01-19,1000,COR,2,24,11
PAL1112,2012-01-19,1000,COR,3,23,16
PAL1112,2012-01-19,1000,COR,4,0,0
PAL1112,2012-01-19,1000,COR,5,0,0
PAL1112,2012-01-19,1000,COR,5.1,46,24
PAL1112,2012-01-19,1000,COR,6,0,0
PAL1112,2012-01-19,1300,HUM,1.1,0,0
PAL1112,2012-01-19,1300,HUM,1.2,0,0
PAL1112,2012-01-19,1300,HUM,1.3,0,0
PAL1112,2012-01-19,1300,HUM,2.1,19,9
PAL1112,2012-01-19,1300,HUM,2.2,31,26
PAL1112,2012-01-19,1300,HUM,3,41,60
PAL1112,2012-01-19,1300,HUM,3.1,0,0
PAL1112,2012-01-19,1300,HUM,4,0,0
PAL1112,2012-01-19,1300,HUM,5,12,9
PAL1112,2012-01-19,1500,LIT,1,0,0
PAL1112,2012-01-19,1500,LIT,2,0,0
PAL1112,2012-01-19,1500,LIT,3,0,0
PAL1112,2012-01-19,1500,LIT,4,0,0
PAL1112,2012-01-19,1500,LIT,5,0,0
PAL1112,2012-01-19,1500,LIT,6,0,0
PAL1112,2012-01-19,1500,LIT,7,0,0
PAL1112,2012-01-19,1500,LIT,8,0,0
PAL1112,2012-01-19,1500,LIT,9,0,0
PAL1112,2012-01-19,1505,TOR,1,0,0
PAL1112,2012-01-19,1505,TOR,2,0,0
PAL1112,2012-01-19,1505,TOR,3,0,0
PAL1112,2012-01-19,1505,TOR,4,12,5
PAL1112,2012-01-19,1505,TOR,5,0,0
PAL1112,2012-01-22,1505,TOR,12,0,0
PAL1112,2012-01-22,1505,TOR,13,0,0
PAL1112,2012-01-22,1505,TOR,15,0,0
PAL1112,2012-01-22,1505,TOR,17,0,0
PAL1112,2012-01-22,1505,TOR,18,12,1
PAL1112,2012-01-22,1505,TOR,19,77,31
PAL1112,2012-01-22,1505,TOR,20,41,21
PAL1112,2012-01-22,1505,TOR,21,0,0
PAL1112,2012-01-22,1505,TOR,22,0,0
PAL1112,2012-01-22,1505,TOR,23,0,0
PAL1112,2012-01-22,1505,TOR,23.1,0,0
PAL1213,2013-01-24,1015,CHR,1,0,0
PAL1213,2013-01-24,1015,CHR,2,0,0
PAL1213,2013-01-24,1015,CHR,3,0,0
PAL1213,2013-01-24,1015,CHR,4.1,0,0
PAL1213,2013-01-24,1015,CHR,5,0,0
PAL1213,2013-01-24,1015,CHR,6,12,2
PAL1213,2013-01-24,1015,CHR,7.1,0,0
PAL1213,2013-01-24,1015,CHR,7.2,0,0
PAL1213,2013-01-24,1015,CHR,8,27,16
PAL1213,2013-01-24,1015,CHR,9.1,22,7
PAL1213,2013-01-24,1015,CHR,10,0,0
PAL1213,2013-01-24,1015,CHR,11,0,0
PAL1213,2013-01-24,1100,COR,1,0,0
PAL1213,2013-01-24,1100,COR,2,28,22
PAL1213,2013-01-24,1100,COR,3,27,13
PAL1213,2013-01-24,1100,COR,4,0,0
PAL1213,2013-01-24,1100,COR,5,0,0
PAL1213,2013-01-24,1100,COR,5.1,35,24
PAL1213,2013-01-24,1100,COR,6,0,0
PAL1213,2013-01-26,1015,CHR,7,141,95
PAL1213,2013-01-26,1320,HUM,1.1,0,0
PAL1213,2013-01-26,1320,HUM,1.2,0,0
PAL1213,2013-01-26,1320,HUM,1.3,0,0
PAL1213,2013-01-26,1320,HUM,2.1,25,23
PAL1213,2013-01-26,1320,HUM,2.2,30,30
PAL1213,2013-01-26,1320,HUM,3,52,78
PAL1213,2013-01-26,1320,HUM,3.1,0,0
PAL1213,2013-01-26,1320,HUM,4,0,0
PAL1213,2013-01-26,1320,HUM,5,13,9
PAL1213,2013-01-26,1300,LIT,1,0,0
PAL1213,2013-01-26,1300,LIT,2,0,0
PAL1213,2013-01-26,1300,LIT,3,0,0
PAL1213,2013-01-26,1300,LIT,4,0,0
PAL1213,2013-01-26,1300,LIT,5,0,0
PAL1213,2013-01-26,1300,LIT,6,0,0
PAL1213,2013-01-26,1300,LIT,7,0,0
PAL1213,2013-01-26,1300,LIT,8,0,0
PAL1213,2013-01-26,1300,LIT,9,0,0
PAL1213,2013-01-26,1530,TOR,1,0,0
PAL1213,2013-01-26,1530,TOR,2,0,0
PAL1213,2013-01-26,1530,TOR,3,0,0
PAL1213,2013-01-26,1530,TOR,4,4,1
PAL1213,2013-01-26,1530,TOR,5,0,0
PAL1213,2013-01-26,1530,TOR,12,0,0
PAL1213,2013-01-26,1530,TOR,13,0,0
PAL1213,2013-01-26,1530,TOR,15,0,0
PAL1213,2013-01-26,1530,TOR,17,0,0
PAL1213,2013-01-26,1530,TOR,18,6,1
PAL1213,2013-01-26,1530,TOR,19,74,35
PAL1213,2013-01-26,1530,TOR,20,36,17
PAL1213,2013-01-26,1530,TOR,21,0,0
PAL1213,2013-01-26,1530,TOR,22,0,0
PAL1213,2013-01-26,1530,TOR,23,0,0
PAL1213,2013-01-26,1530,TOR,23.1,0,0
PAL1314,2014-01-24,NULL,HUM,2.1,23,16
PAL1314,2014-01-24,NULL,HUM,2.2,32,33
PAL1314,2014-01-24,NULL,HUM,3,60,88
PAL1314,2014-01-24,NULL,HUM,3.1,0,0
PAL1314,2014-01-24,NULL,HUM,4,0,0
PAL1314,2014-01-24,NULL,HUM,5,9,9
PAL1314,2014-01-24,NULL,LIT,1,0,0
PAL1314,2014-01-24,NULL,LIT,2,0,0
PAL1314,2014-01-24,NULL,LIT,3,0,0
PAL1314,2014-01-24,NULL,LIT,4,0,0
PAL1314,2014-01-24,NULL,LIT,5,0,0
PAL1314,2014-01-24,NULL,LIT,6,0,0
PAL1314,2014-01-24,NULL,LIT,7,0,0
PAL1314,2014-01-24,NULL,LIT,8,0,0
PAL1314,2014-01-24,NULL,LIT,9,0,0
PAL1314,2014-01-25,NULL,CHR,1,0,0
PAL1314,2014-01-25,NULL,CHR,2,0,0
PAL1314,2014-01-25,NULL,CHR,3,0,0
PAL1314,2014-01-25,NULL,CHR,4.1,0,0
PAL1314,2014-01-25,NULL,CHR,5,0,0
PAL1314,2014-01-25,NULL,CHR,6,0,0
PAL1314,2014-01-25,NULL,CHR,7,149,40
PAL1314,2014-01-25,NULL,CHR,7.1,0,0
PAL1314,2014-01-25,NULL,CHR,7.2,0,0
PAL1314,2014-01-25,NULL,CHR,8,0,0
PAL1314,2014-01-25,NULL,CHR,9.1,0,0
PAL1314,2014-01-25,NULL,CHR,10,0,0
PAL1314,2014-01-25,NULL,CHR,11,0,0
PAL1314,2014-01-25,NULL,COR,1,0,0
PAL1314,2014-01-25,NULL,COR,2,23,15
PAL1314,2014-01-25,NULL,COR,3,19,13
PAL1314,2014-01-25,NULL,COR,4,0,0
PAL1314,2014-01-25,NULL,COR,5,0,0
PAL1314,2014-01-25,NULL,COR,5.1,34,17
PAL1314,2014-01-25,NULL,COR,6,0,0
PAL1314,2014-01-25,NULL,HUM,1.1,0,0
PAL1314,2014-01-25,NULL,HUM,1.2,0,0
PAL1314,2014-01-25,NULL,HUM,1.3,0,0
PAL1314,2014-01-25,NULL,TOR,1,0,0
PAL1314,2014-01-25,NULL,TOR,2,0,0
PAL1314,2014-01-25,NULL,TOR,3,0,0
PAL1314,2014-01-25,NULL,TOR,4,0,0
PAL1314,2014-01-25,NULL,TOR,5,0,0
PAL1314,2014-01-25,NULL,TOR,12,0,0
PAL1314,2014-01-25,NULL,TOR,13,0,0
PAL1314,2014-01-25,NULL,TOR,15,0,0
PAL1314,2014-01-25,NULL,TOR,17,0,0
PAL1314,2014-01-25,NULL,TOR,18,0,0
PAL1314,2014-01-25,NULL,TOR,19,110,28
PAL1314,2014-01-25,NULL,TOR,20,34,20
PAL1314,2014-01-25,NULL,TOR,21,0,0
PAL1314,2014-01-25,NULL,TOR,22,0,0
PAL1314,2014-01-25,NULL,TOR,23,0,0
PAL1314,2014-01-25,NULL,TOR,23.1,0,0
PAL1415,2015-01-30,NULL,CHR,1,0,0
PAL1415,2015-01-30,NULL,CHR,2,0,0
PAL1415,2015-01-30,NULL,CHR,3,0,0
PAL1415,2015-01-30,NULL,CHR,5,0,0
PAL1415,2015-01-30,NULL,CHR,6,0,0
PAL1415,2015-01-30,NULL,CHR,7,80,5
PAL1415,2015-01-30,NULL,CHR,7.1,0,0
PAL1415,2015-01-30,NULL,CHR,7.2,0,0
PAL1415,2015-01-30,NULL,CHR,8,0,0
PAL1415,2015-01-30,NULL,CHR,9.1,0,0
PAL1415,2015-01-30,NULL,CHR,10,0,0
PAL1415,2015-01-30,NULL,CHR,11,0,0
PAL1415,2015-01-30,NULL,COR,1,0,0
PAL1415,2015-01-30,NULL,COR,2,21,10
PAL1415,2015-01-30,NULL,COR,3,13,16
PAL1415,2015-01-30,NULL,COR,4,0,0
PAL1415,2015-01-30,NULL,COR,5,0,0
PAL1415,2015-01-30,NULL,COR,5.1,32,15
PAL1415,2015-01-30,NULL,COR,6,0,0
PAL1415,2015-01-30,NULL,HUM,1.1,0,0
PAL1415,2015-01-30,NULL,HUM,1.2,0,0
PAL1415,2015-01-30,NULL,HUM,1.3,0,0
PAL1415,2015-01-30,NULL,HUM,2.1,4,14
PAL1415,2015-01-30,NULL,HUM,2.2,16,33
PAL1415,2015-01-30,NULL,HUM,3,14,63
PAL1415,2015-01-30,NULL,HUM,3.1,0,0
PAL1415,2015-01-30,NULL,HUM,4,0,0
PAL1415,2015-01-30,NULL,HUM,5,5,5
PAL1415,2015-01-30,NULL,LIT,1,0,0
PAL1415,2015-01-30,NULL,LIT,2,0,0
PAL1415,2015-01-30,NULL,LIT,3,0,0
PAL1415,2015-01-30,NULL,LIT,4,0,0
PAL1415,2015-01-30,NULL,LIT,5,0,0
PAL1415,2015-01-30,NULL,LIT,6,0,0
PAL1415,2015-01-30,NULL,LIT,7,0,0
PAL1415,2015-01-30,NULL,LIT,8,0,0
PAL1415,2015-01-30,NULL,LIT,9,0,0
PAL1415,2015-01-30,NULL,TOR,1,0,0
PAL1415,2015-01-30,NULL,TOR,2,0,0
PAL1415,2015-01-30,NULL,TOR,3,0,0
PAL1415,2015-01-30,NULL,TOR,4,0,0
PAL1415,2015-01-30,NULL,TOR,5,0,0
PAL1415,2015-01-30,NULL,TOR,12,0,0
PAL1415,2015-01-30,NULL,TOR,13,0,0
PAL1415,2015-01-30,NULL,TOR,15,0,0
PAL1415,2015-01-30,NULL,TOR,17,0,0
PAL1415,2015-01-30,NULL,TOR,18,0,0
PAL1415,2015-01-30,NULL,TOR,19,41,2
PAL1415,2015-01-30,NULL,TOR,20,21,19
PAL1415,2015-01-30,NULL,TOR,21,0,0
PAL1415,2015-01-30,NULL,TOR,22,0,0
PAL1415,2015-01-30,NULL,TOR,23,0,0
PAL1415,2015-01-30,NULL,TOR,23.1,0,0
PAL1516,2016-01-24,NULL,CHR,1,0,0
PAL1516,2016-01-24,NULL,CHR,2,0,0
PAL1516,2016-01-24,NULL,CHR,3,0,0
PAL1516,2016-01-24,NULL,CHR,4.1,0,0
PAL1516,2016-01-24,NULL,CHR,5,0,0
PAL1516,2016-01-24,NULL,CHR,6,0,0
PAL1516,2016-01-24,NULL,CHR,7,73,11
PAL1516,2016-01-24,NULL,CHR,7.1,0,0
PAL1516,2016-01-24,NULL,CHR,7.2,0,0
PAL1516,2016-01-24,NULL,CHR,8,0,0
PAL1516,2016-01-24,NULL,CHR,9.1,0,0
PAL1516,2016-01-24,NULL,CHR,10,0,0
PAL1516,2016-01-24,NULL,CHR,11,0,0
PAL1516,2016-01-24,NULL,COR,1,0,0
PAL1516,2016-01-24,NULL,COR,2,17,8
PAL1516,2016-01-24,NULL,COR,3,19,8
PAL1516,2016-01-24,NULL,COR,4,0,0
PAL1516,2016-01-24,NULL,COR,5,0,0
PAL1516,2016-01-24,NULL,COR,5.1,21,5
PAL1516,2016-01-24,NULL,COR,6,0,0
PAL1516,2016-01-31,NULL,HUM,1.1,0,0
PAL1516,2016-01-31,NULL,HUM,1.2,0,0
PAL1516,2016-01-31,NULL,HUM,1.3,0,0
PAL1516,2016-01-31,NULL,HUM,2.1,0,25
PAL1516,2016-01-31,NULL,HUM,2.2,5,24
PAL1516,2016-01-31,NULL,HUM,3,22,43
PAL1516,2016-01-31,NULL,HUM,3.1,0,0
PAL1516,2016-01-31,NULL,HUM,4,0,0
PAL1516,2016-01-31,NULL,HUM,5,3,0
PAL1516,2016-01-31,NULL,LIT,1,0,0
PAL1516,2016-01-31,NULL,LIT,2,0,0
PAL1516,2016-01-31,NULL,LIT,3,0,0
PAL1516,2016-01-31,NULL,LIT,4,0,0
PAL1516,2016-01-31,NULL,LIT,5,0,0
PAL1516,2016-01-31,NULL,LIT,6,0,0
PAL1516,2016-01-31,NULL,LIT,7,0,0
PAL1516,2016-01-31,NULL,LIT,8,0,0
PAL1516,2016-01-31,NULL,LIT,9,0,0
PAL1516,2016-01-31,NULL,TOR,1,0,0
PAL1516,2016-01-31,NULL,TOR,2,0,0
PAL1516,2016-01-31,NULL,TOR,3,0,0
PAL1516,2016-01-31,NULL,TOR,4,0,0
PAL1516,2016-01-31,NULL,TOR,5,0,0
PAL1516,2016-01-31,NULL,TOR,12,0,0
PAL1516,2016-01-31,NULL,TOR,13,0,0
PAL1516,2016-01-31,NULL,TOR,15,0,0
PAL1516,2016-01-31,NULL,TOR,17,0,0
PAL1516,2016-01-31,NULL,TOR,18,0,0
PAL1516,2016-01-31,NULL,TOR,19,27,0
PAL1516,2016-01-31,NULL,TOR,20,21,1
PAL1516,2016-01-31,NULL,TOR,21,0,0
PAL1516,2016-01-31,NULL,TOR,22,0,0
PAL1516,2016-01-31,NULL,TOR,23,0,0
PAL1516,2016-01-31,NULL,TOR,23.1,0,0
PAL1617,2017-01-22,NULL,CHR,1,0,0
PAL1617,2017-01-22,NULL,CHR,2,0,0
PAL1617,2017-01-22,NULL,CHR,3,0,0
PAL1617,2017-01-22,NULL,CHR,4.1,0,0
PAL1617,2017-01-22,NULL,CHR,5,0,0
PAL1617,2017-01-22,NULL,CHR,6,0,0
PAL1617,2017-01-22,NULL,CHR,7,7,3
PAL1617,2017-01-22,NULL,CHR,7.1,0,0
PAL1617,2017-01-22,NULL,CHR,7.2,0,0
PAL1617,2017-01-22,NULL,CHR,8,0,0
PAL1617,2017-01-22,NULL,CHR,9.1,0,0
PAL1617,2017-01-22,NULL,CHR,10,0,0
PAL1617,2017-01-22,NULL,CHR,11,0,0
PAL1617,2017-01-22,NULL,COR,1,0,0
PAL1617,2017-01-22,NULL,COR,2,17,6
PAL1617,2017-01-22,NULL,COR,3,15,4
PAL1617,2017-01-22,NULL,COR,4,0,0
PAL1617,2017-01-22,NULL,COR,5,0,0
PAL1617,2017-01-22,NULL,COR,5.1,9,7
PAL1617,2017-01-22,NULL,COR,6,0,0
PAL1617,2017-01-28,NULL,HUM,1.1,0,0
PAL1617,2017-01-28,NULL,HUM,1.2,0,0
PAL1617,2017-01-28,NULL,HUM,1.3,0,0
PAL1617,2017-01-28,NULL,HUM,2.1,9,11
PAL1617,2017-01-28,NULL,HUM,2.2,19,28
PAL1617,2017-01-28,NULL,HUM,3,31,53
PAL1617,2017-01-28,NULL,HUM,3.1,0,0
PAL1617,2017-01-28,NULL,HUM,4,0,0
PAL1617,2017-01-28,NULL,HUM,5,0,0
PAL1617,2017-01-28,NULL,LIT,1,0,0
PAL1617,2017-01-28,NULL,LIT,2,0,0
PAL1617,2017-01-28,NULL,LIT,3,0,0
PAL1617,2017-01-28,NULL,LIT,4,0,0
PAL1617,2017-01-28,NULL,LIT,5,0,0
PAL1617,2017-01-28,NULL,LIT,6,0,0
PAL1617,2017-01-28,NULL,LIT,7,0,0
PAL1617,2017-01-28,NULL,LIT,8,0,0
PAL1617,2017-01-28,NULL,LIT,9,0,0
PAL1617,2017-01-28,NULL,TOR,1,0,0
PAL1617,2017-01-28,NULL,TOR,2,0,0
PAL1617,2017-01-28,NULL,TOR,3,0,0
PAL1617,2017-01-28,NULL,TOR,4,0,0
PAL1617,2017-01-28,NULL,TOR,5,0,0
PAL1617,2017-01-28,NULL,TOR,12,0,0
PAL1617,2017-01-28,NULL,TOR,13,0,0
PAL1617,2017-01-28,NULL,TOR,15,0,0
PAL1617,2017-01-28,NULL,TOR,17,0,0
PAL1617,2017-01-28,NULL,TOR,18,0,0
PAL1617,2017-01-28,NULL,TOR,19,21,1
PAL1617,2017-01-28,NULL,TOR,20,15,5
PAL1617,2017-01-28,NULL,TOR,21,0,0
PAL1617,2017-01-28,NULL,TOR,22,0,0
PAL1617,2017-01-28,NULL,TOR,23,0,0
PAL1617,2017-01-28,NULL,TOR,23.1,0,0
PAL1718,2018-01-27,NULL,CHR,1,0,0
PAL1718,2018-01-27,NULL,CHR,2,0,0
PAL1718,2018-01-27,NULL,CHR,3,0,0
PAL1718,2018-01-27,NULL,CHR,4.1,0,0
PAL1718,2018-01-27,NULL,CHR,5,0,0
PAL1718,2018-01-27,NULL,CHR,6,0,0
PAL1718,2018-01-27,NULL,CHR,7,22,26
PAL1718,2018-01-27,NULL,CHR,7.1,0,0
PAL1718,2018-01-27,NULL,CHR,7.2,0,0
PAL1718,2018-01-27,NULL,CHR,8,0,0
PAL1718,2018-01-27,NULL,CHR,9.1,0,0
PAL1718,2018-01-27,NULL,CHR,10,0,0
PAL1718,2018-01-27,NULL,CHR,11,0,0
PAL1718,2018-01-27,NULL,COR,1,0,0
PAL1718,2018-01-27,NULL,COR,2,13,9
PAL1718,2018-01-27,NULL,COR,3,13,5
PAL1718,2018-01-27,NULL,COR,4,0,0
PAL1718,2018-01-27,NULL,COR,5,0,0
PAL1718,2018-01-27,NULL,COR,5.1,10,8
PAL1718,2018-01-27,NULL,COR,6,0,0
PAL1718,2018-01-27,NULL,HUM,1.1,0,0
PAL1718,2018-01-27,NULL,HUM,1.2,0,0
PAL1718,2018-01-27,NULL,HUM,1.3,0,0
PAL1718,2018-01-27,NULL,HUM,2.1,8,4
PAL1718,2018-01-27,NULL,HUM,2.2,17,20
PAL1718,2018-01-27,NULL,HUM,3,34,49
PAL1718,2018-01-27,NULL,HUM,3.1,0,0
PAL1718,2018-01-27,NULL,HUM,4,0,0
PAL1718,2018-01-27,NULL,HUM,5,0,0
PAL1718,2018-01-27,NULL,LIT,1,0,0
PAL1718,2018-01-27,NULL,LIT,2,0,0
PAL1718,2018-01-27,NULL,LIT,3,0,0
PAL1718,2018-01-27,NULL,LIT,4,0,0
PAL1718,2018-01-27,NULL,LIT,5,0,0
PAL1718,2018-01-27,NULL,LIT,6,0,0
PAL1718,2018-01-27,NULL,LIT,7,0,0
PAL1718,2018-01-27,NULL,LIT,8,0,0
PAL1718,2018-01-27,NULL,LIT,9,0,0
PAL1718,2018-01-27,NULL,TOR,1,0,0
PAL1718,2018-01-27,NULL,TOR,2,0,0
PAL1718,2018-01-27,NULL,TOR,3,0,0
PAL1718,2018-01-27,NULL,TOR,4,0,0
PAL1718,2018-01-27,NULL,TOR,5,0,0
PAL1718,2018-01-27,NULL,TOR,12,0,0
PAL1718,2018-01-27,NULL,TOR,13,0,0
PAL1718,2018-01-27,NULL,TOR,15,0,0
PAL1718,2018-01-27,NULL,TOR,17,0,0
PAL1718,2018-01-27,NULL,TOR,18,0,0
PAL1718,2018-01-27,NULL,TOR,19,7,1
PAL1718,2018-01-27,NULL,TOR,20,14,0
PAL1718,2018-01-27,NULL,TOR,21,0,0
PAL1718,2018-01-27,NULL,TOR,22,0,0
PAL1718,2018-01-27,NULL,TOR,23,0,0
PAL1718,2018-01-27,NULL,TOR,23.1,0,0
PAL2021,2021-01-26,NULL,CHR,1,0,0
PAL2021,2021-01-26,NULL,CHR,2,0,0
PAL2021,2021-01-26,NULL,CHR,3,0,0
PAL2021,2021-01-26,NULL,CHR,3.1,0,0
PAL2021,2021-01-26,NULL,CHR,4.1,0,0
PAL2021,2021-01-26,NULL,CHR,4.2,0,0
PAL2021,2021-01-26,NULL,CHR,5,0,0
PAL2021,2021-01-26,NULL,CHR,6,0,0
PAL2021,2021-01-26,NULL,CHR,7,21,22
PAL2021,2021-01-26,NULL,CHR,7.1,0,0
PAL2021,2021-01-26,NULL,CHR,7.2,0,0
PAL2021,2021-01-26,NULL,CHR,8,0,0
PAL2021,2021-01-26,NULL,CHR,9.1,0,0
PAL2021,2021-01-26,NULL,CHR,9.2,0,0
PAL2021,2021-01-26,NULL,CHR,10,0,0
PAL2021,2021-01-26,NULL,CHR,11,0,0
PAL2021,2021-01-26,NULL,COR,1,0,0
PAL2021,2021-01-26,NULL,COR,2,7,7
PAL2021,2021-01-26,NULL,COR,3,7,6
PAL2021,2021-01-26,NULL,COR,4,0,0
PAL2021,2021-01-26,NULL,COR,5,0,0
PAL2021,2021-01-26,NULL,COR,5.1,7,6
PAL2021,2021-01-26,NULL,COR,6,0,0
PAL2021,2021-01-26,NULL,LIT,1,0,0
PAL2021,2021-01-26,NULL,LIT,2,0,0
PAL2021,2021-01-26,NULL,LIT,3,0,0
PAL2021,2021-01-26,NULL,LIT,4,0,0
PAL2021,2021-01-26,NULL,LIT,5,0,0
PAL2021,2021-01-26,NULL,LIT,6,0,0
PAL2021,2021-01-26,NULL,LIT,7,0,0
PAL2021,2021-01-26,NULL,LIT,8,0,0
PAL2021,2021-01-26,NULL,LIT,9,0,0
PAL2021,2021-01-26,NULL,LIT,10,0,0
PAL2021,2021-01-23,NULL,HUM,1.1,0,0
PAL2021,2021-01-23,NULL,HUM,1.2,0,0
PAL2021,2021-01-23,NULL,HUM,1.3,0,0
PAL2021,2021-01-23,NULL,HUM,2,313,678
PAL2021,2021-01-23,NULL,HUM,2.1,0,0
PAL2021,2021-01-23,NULL,HUM,2.2,14,14
PAL2021,2021-01-23,NULL,HUM,3,28,29
PAL2021,2021-01-23,NULL,HUM,3.1,0,0
PAL2021,2021-01-23,NULL,HUM,4,0,0
PAL2021,2021-01-23,NULL,HUM,5,0,0
PAL2021,2021-01-26,NULL,TOR,1,0,0
PAL2021,2021-01-26,NULL,TOR,2,0,0
PAL2021,2021-01-26,NULL,TOR,3,0,0
PAL2021,2021-01-26,NULL,TOR,4,0,0
PAL2021,2021-01-26,NULL,TOR,5,0,0
PAL2021,2021-01-26,NULL,TOR,6,0,0
PAL2021,2021-01-26,NULL,TOR,7.1,0,0
PAL2021,2021-01-26,NULL,TOR,7.2,47,41
PAL2021,2021-01-26,NULL,TOR,7.3,63,64
PAL2021,2021-01-26,NULL,TOR,7.4,0,0
PAL2021,2021-01-26,NULL,TOR,7.5,22,10
PAL2021,2021-01-26,NULL,TOR,8,50,38
PAL2021,2021-01-26,NULL,TOR,9,6,0
PAL2021,2021-01-26,NULL,TOR,10,0,0
PAL2021,2021-01-26,NULL,TOR,11,32,15
PAL2021,2021-01-26,NULL,TOR,12,0,0
PAL2021,2021-01-26,NULL,TOR,13,0,0
PAL2021,2021-01-26,NULL,TOR,14,454,412
PAL2021,2021-01-26,NULL,TOR,15,0,0
PAL2021,2021-01-26,NULL,TOR,16,115,137
PAL2021,2021-01-26,NULL,TOR,16.1,0,0
PAL2021,2021-01-26,NULL,TOR,17,0,0
PAL2021,2021-01-26,NULL,TOR,18,0,0
PAL2021,2021-01-26,NULL,TOR,19,0,0
PAL2021,2021-01-26,NULL,TOR,19.1,0,0
PAL2021,2021-01-26,NULL,TOR,20,0,0
PAL2021,2021-01-26,NULL,TOR,21,0,0
PAL2021,2021-01-26,NULL,TOR,22,0,0
PAL2021,2021-01-26,NULL,TOR,23,0,0
PAL2021,2021-01-26,NULL,TOR,23.1,0,0
