Date,Year,Month,"Average Temperature (C)","Temperature  Count","Average Pressure (mbar)","Pressure Count","Average Melted Precipitation (mm)","Precipitation Count"
1974-01-01,1974,1,,,,,,
1974-02-01,1974,2,,,,,,
1974-03-01,1974,3,,,,,,
1974-04-01,1974,4,,,,,,
1974-05-01,1974,5,-3.5,,,,,
1974-06-01,1974,6,-3.2,,,,,
1974-07-01,1974,7,-5.8,,,,,
1974-08-01,1974,8,-5.8,,,,,
1974-09-01,1974,9,-6.5,,,,,
1974-10-01,1974,10,-1.7,,,,,
1974-11-01,1974,11,0,,,,,
1974-12-01,1974,12,1.1,,,,,
1975-01-01,1975,1,3,,,,,
1975-02-01,1975,2,2,,,,,
1975-03-01,1975,3,1,,,,,
1975-04-01,1975,4,1,,,,,
1975-05-01,1975,5,-3,,,,,
1975-06-01,1975,6,-6,,,,,
1975-07-01,1975,7,-7,,,,,
1975-08-01,1975,8,-8,,,,,
1975-09-01,1975,9,-4,,,,,
1975-10-01,1975,10,-1,,,,,
1975-11-01,1975,11,-2,,,,,
1975-12-01,1975,12,0,,,,,
1976-01-01,1976,1,1,,,,,
1976-02-01,1976,2,2,,,,,
1976-03-01,1976,3,0,,,,,
1976-04-01,1976,4,-1,,,,,
1976-05-01,1976,5,-5,,,,,
1976-06-01,1976,6,-9,,,,,
1976-07-01,1976,7,-12,,,,,
1976-08-01,1976,8,-16,,,,,
1976-09-01,1976,9,-9,,,,,
1976-10-01,1976,10,-4,,,,,
1976-11-01,1976,11,0,,,,,
1976-12-01,1976,12,1,,,,,
1977-01-01,1977,1,2,,,,,
1977-02-01,1977,2,1,,,,,
1977-03-01,1977,3,1,,,,,
1977-04-01,1977,4,-1,,,,,
1977-05-01,1977,5,-5,,,,,
1977-06-01,1977,6,-7,,,,,
1977-07-01,1977,7,-14,,,,,
1977-08-01,1977,8,,,,,,
1977-09-01,1977,9,-11.4,,,,,
1977-10-01,1977,10,-8.9,,,,,
1977-11-01,1977,11,-2.2,,,,,
1977-12-01,1977,12,0,,,,,
1978-01-01,1978,1,1,,,,,
1978-02-01,1978,2,0.7,,,,,
1978-03-01,1978,3,-0.6,,,,,
1978-04-01,1978,4,-3,,,,,
1978-05-01,1978,5,-2.5,,,,,
1978-06-01,1978,6,-4.9,,,,,
1978-07-01,1978,7,-14.9,,,,,
1978-08-01,1978,8,-11.9,,,,,
1978-09-01,1978,9,-5.8,,,,,
1978-10-01,1978,10,-4,,,,,
1978-11-01,1978,11,-1.9,,,,,
1978-12-01,1978,12,1,,,,,
1979-01-01,1979,1,2,,,,,
1979-02-01,1979,2,2,,,,,
1979-03-01,1979,3,1,,,,,
1979-04-01,1979,4,-1,,,,,
1979-05-01,1979,5,-5,,,,,
1979-06-01,1979,6,-6,,,,,
1979-07-01,1979,7,-7,,,,,
1979-08-01,1979,8,-7,,,,,
1979-09-01,1979,9,-5,,,,,
1979-10-01,1979,10,-4,,,,,
1979-11-01,1979,11,0,,,,,
1979-12-01,1979,12,1.7,,,,,
1980-01-01,1980,1,1.9,,,,,
1980-02-01,1980,2,2.2,,,,,
1980-03-01,1980,3,-1.5,,,,,
1980-04-01,1980,4,-4.7,,,,,
1980-05-01,1980,5,-3.7,,,,,
1980-06-01,1980,6,-9.3,,,,,
1980-07-01,1980,7,-12.6,,,,,
1980-08-01,1980,8,-13.7,,,,,
1980-09-01,1980,9,-7.2,,,,,
1980-10-01,1980,10,-4,,,,,
1980-11-01,1980,11,-2,,,,,
1980-12-01,1980,12,0.5,,,,,
1981-01-01,1981,1,1.6,,,,,
1981-02-01,1981,2,1.1,,,,,
1981-03-01,1981,3,0,,,,,
1981-04-01,1981,4,-1.8,,,,,
1981-05-01,1981,5,-5.2,,,,,
1981-06-01,1981,6,-6.3,,,,,
1981-07-01,1981,7,-6.8,,,,,
1981-08-01,1981,8,-8.8,,,,,
1981-09-01,1981,9,-8.3,,,,,
1981-10-01,1981,10,-5.3,,,,,
1981-11-01,1981,11,-2.4,,,,,
1981-12-01,1981,12,-0.8,,,,,
1982-01-01,1982,1,-0.2,,,,,
1982-02-01,1982,2,,,,,,
1982-03-01,1982,3,,,,,,
1982-04-01,1982,4,,,,,,
1982-05-01,1982,5,-0.5,,,,,
1982-06-01,1982,6,-0.8,,,,,
1982-07-01,1982,7,,,,,,
1982-08-01,1982,8,-7.9,,,,,
1982-09-01,1982,9,-7.9,,,,,
1982-10-01,1982,10,-5.5,,,,,
1982-11-01,1982,11,-2,,,,,
1982-12-01,1982,12,2.1,,,,,
1983-01-01,1983,1,2.8,,,,,
1983-02-01,1983,2,1.2,,,,,
1983-03-01,1983,3,0,,,,,
1983-04-01,1983,4,-1.2,,,,,
1983-05-01,1983,5,-2.1,,,,,
1983-06-01,1983,6,-3,,,,,
1983-07-01,1983,7,-2.9,,,,,
1983-08-01,1983,8,-4.3,,,,,
1983-09-01,1983,9,-4.1,,,,,
1983-10-01,1983,10,-2.8,,,,,
1983-11-01,1983,11,0.3,,,,,
1983-12-01,1983,12,1.8,,,,,
1984-01-01,1984,1,2.9,,,,,
1984-02-01,1984,2,2.8,,,,,
1984-03-01,1984,3,1.4,,,,,
1984-04-01,1984,4,-1.7,,,,,
1984-05-01,1984,5,-3.3,,,,,
1984-06-01,1984,6,-6.7,,,,,
1984-07-01,1984,7,-7.4,,,,,
1984-08-01,1984,8,-6.7,,,,,
1984-09-01,1984,9,-3.4,,,,,
1984-10-01,1984,10,-3.3,,,,,
1984-11-01,1984,11,0.9,,,,,
1984-12-01,1984,12,3.7,,,,,
1985-01-01,1985,1,4.2,,,,,
1985-02-01,1985,2,3.7,,,,,
1985-03-01,1985,3,0.9,,,,,
1985-04-01,1985,4,0,,,,,
1985-05-01,1985,5,-4.3,,,,,
1985-06-01,1985,6,-3.7,,,,,
1985-07-01,1985,7,-5.9,,,,,
1985-08-01,1985,8,-5.9,,,,,
1985-09-01,1985,9,-1.4,,,,,
1985-10-01,1985,10,-0.7,,,,,
1985-11-01,1985,11,2.5,,,,,
1985-12-01,1985,12,3.7,,,,,
1986-01-01,1986,1,5.2,,,,,
1986-02-01,1986,2,3.9,,,,,
1986-03-01,1986,3,3.3,,,,,
1986-04-01,1986,4,-0.4,,,,,
1986-05-01,1986,5,-4.7,,,,,
1986-06-01,1986,6,-4.5,,,,,
1986-07-01,1986,7,-6.9,,,,,
1986-08-01,1986,8,-9.1,,,,,
1986-09-01,1986,9,-9,,,,,
1986-10-01,1986,10,-2.8,,,,,
1986-11-01,1986,11,,,,,,
1986-12-01,1986,12,,,,,,
1987-01-01,1987,1,,,,,,
1987-02-01,1987,2,1.9,,,,,
1987-03-01,1987,3,,,,,,
1987-04-01,1987,4,-1.9,,,,,
1987-05-01,1987,5,-2.8,,,,,
1987-06-01,1987,6,-7.1,,,,,
1987-07-01,1987,7,,,,,,
1987-08-01,1987,8,-7.8,,,,,
1987-09-01,1987,9,-9.9,,,,,
1987-10-01,1987,10,-1.4,,,,,
1987-11-01,1987,11,0.8,,,,,
1987-12-01,1987,12,1.8,,,,,
1988-01-01,1988,1,2.3,,,,,
1988-02-01,1988,2,2.7,,,,,
1988-03-01,1988,3,1.2,,,,,
1988-04-01,1988,4,-0.1,,,,,
1988-05-01,1988,5,-1.3,,,,,
1988-06-01,1988,6,-2.9,,,,,
1988-07-01,1988,7,-3,,,,,
1988-08-01,1988,8,-6.8,,,,,
1988-09-01,1988,9,-2.2,,,,,
1988-10-01,1988,10,0,,,,,
1988-11-01,1988,11,,,,,,
1988-12-01,1988,12,,,,,,
1989-01-01,1989,1,,,,,,
1989-02-01,1989,2,4.1,,,,,
1989-03-01,1989,3,,,,,,
1989-04-01,1989,4,-1.88,30,992.05,30,0.77,25
1989-05-01,1989,5,-1.04,31,982.24,31,1.89,21
1989-06-01,1989,6,-2.36,30,982.96,30,2.54,27
1989-07-01,1989,7,-1.65,31,992.08,31,1.77,23
1989-08-01,1989,8,-2.39,31,998.23,31,1.72,23
1989-09-01,1989,9,-2.4,30,989.73,30,1.73,20
1989-10-01,1989,10,-0.4,31,982.5,31,3.91,24
1989-11-01,1989,11,1.1,30,984.09,30,1.37,18
1989-12-01,1989,12,2.61,31,992.6,31,1.31,21
1990-01-01,1990,1,3.64,31,992.4,31,1.67,27
1990-02-01,1990,2,3.62,28,990.18,28,3.05,19
1990-03-01,1990,3,1.87,31,983.86,31,3,25
1990-04-01,1990,4,-2.5,30,992.1,30,0.84,20
1990-05-01,1990,5,-3.01,31,1003.25,31,1.13,20
1990-06-01,1990,6,-3.41,30,981.42,30,1.38,25
1990-07-01,1990,7,-2.91,31,989.13,31,1.48,26
1990-08-01,1990,8,-6.31,31,978.39,31,1.87,22
1990-09-01,1990,9,-4.66,30,992.88,30,1.73,21
1990-10-01,1990,10,-2.24,31,974.53,31,2.25,29
1990-11-01,1990,11,-1.4,30,970.61,30,1.47,24
1990-12-01,1990,12,1.59,31,986.33,31,1.96,29
1991-01-01,1991,1,3.09,31,983.83,31,3.67,27
1991-02-01,1991,2,2.59,28,989.61,28,1.79,25
1991-03-01,1991,3,0.85,31,987.77,31,2.12,25
1991-04-01,1991,4,-1.09,30,989.96,30,2.01,29
1991-05-01,1991,5,-5.12,31,986.77,31,1.27,29
1991-06-01,1991,6,-7.4,30,989.93,30,1.39,29
1991-07-01,1991,7,-6.13,31,992.1,31,1.6,27
1991-08-01,1991,8,-6.52,31,984.51,31,4.41,27
1991-09-01,1991,9,-4.24,30,995.73,30,1.46,29
1991-10-01,1991,10,-5.22,31,985.47,31,1.8,26
1991-11-01,1991,11,-0.46,30,985.1,30,3.07,28
1991-12-01,1991,12,1.44,31,997.65,31,0.06,29
1992-01-01,1992,1,2.58,31,988.45,31,4.16,28
1992-02-01,1992,2,1.28,29,985.13,29,3.31,27
1992-03-01,1992,3,-0.34,31,989.09,31,2.95,27
1992-04-01,1992,4,-0.86,30,992.47,30,4.75,28
1992-05-01,1992,5,-5.8,31,998.04,31,1.57,24
1992-06-01,1992,6,-8.08,30,1001.5,30,1.01,22
1992-07-01,1992,7,-8.36,31,994.62,31,2.4,31
1992-08-01,1992,8,-6.29,31,988.56,31,1.9,25
1992-09-01,1992,9,-4.27,30,984.38,30,2.6,29
1992-10-01,1992,10,-1.5,31,983.4,31,1,26
1992-11-01,1992,11,0.12,30,991.47,30,2.78,26
1992-12-01,1992,12,3.33,31,992.47,31,2.81,30
1993-01-01,1993,1,3.18,31,995.13,31,2.04,24
1993-02-01,1993,2,2.45,28,993.68,28,1.8,25
1993-03-01,1993,3,-0.05,31,985.78,31,5.48,29
1993-04-01,1993,4,-0.99,30,984.55,30,4.13,27
1993-05-01,1993,5,-2.39,31,984.79,31,5.12,31
1993-06-01,1993,6,-4.97,30,990.12,30,4.72,28
1993-07-01,1993,7,-4.28,31,988.95,31,2.35,28
1993-08-01,1993,8,-4.66,31,985.27,31,2.05,28
1993-09-01,1993,9,-4.64,30,982.25,30,2.11,26
1993-10-01,1993,10,-3.32,31,984.48,31,3.14,27
1993-11-01,1993,11,0.79,30,980.12,30,3.67,30
1993-12-01,1993,12,1.13,31,983.73,31,0.62,26
1994-01-01,1994,1,2.15,31,983.6,31,3.01,29
1994-02-01,1994,2,2.04,28,983.74,28,3.36,22
1994-03-01,1994,3,0.83,31,991.82,31,3.11,29
1994-04-01,1994,4,-0.8,30,992.04,30,2.09,28
1994-05-01,1994,5,-3.19,31,994.69,31,0.2,27
1994-06-01,1994,6,-4.58,30,993.94,30,1.82,26
1994-07-01,1994,7,-10.99,31,994.13,31,2.03,25
1994-08-01,1994,8,-6.61,31,983.98,31,3.16,29
1994-09-01,1994,9,-6.15,30,977.53,30,1.62,25
1994-10-01,1994,10,-6.65,31,987.97,31,1.28,29
1994-11-01,1994,11,1.72,30,990.03,30,3.09,27
1994-12-01,1994,12,1.81,31,986.13,31,1.08,29
1995-01-01,1995,1,3.47,31,988.81,31,2.73,30
1995-02-01,1995,2,2.39,28,988.49,28,2.29,28
1995-03-01,1995,3,0.06,31,982.36,31,1.82,28
1995-04-01,1995,4,-0.14,30,987.97,30,3.01,29
1995-05-01,1995,5,-2.47,31,990.23,31,1.8,31
1995-06-01,1995,6,-5.98,30,988.78,30,1.37,30
1995-07-01,1995,7,-8.48,31,988.15,31,1.49,28
1995-08-01,1995,8,-12.43,31,992.9,31,1.67,29
1995-09-01,1995,9,-8.24,30,984.65,30,2.55,29
1995-10-01,1995,10,-2.72,31,989.38,31,2.12,29
1995-11-01,1995,11,-1.37,30,980.31,30,1.23,29
1995-12-01,1995,12,1.07,31,983.53,31,1.94,30
1996-01-01,1996,1,2.4,31,988.94,31,2.71,29
1996-02-01,1996,2,2.12,29,986.55,29,2.99,27
1996-03-01,1996,3,1.24,31,982.91,31,2.37,31
1996-04-01,1996,4,-1.1,30,994.54,30,2.27,30
1996-05-01,1996,5,-1.41,31,982.39,31,2.04,31
1996-06-01,1996,6,-3.32,30,991.43,30,1.14,30
1996-07-01,1996,7,-4.91,31,987.01,31,1.68,31
1996-08-01,1996,8,-5.66,31,987.74,31,1,31
1996-09-01,1996,9,-1.43,30,990.09,30,2.96,29
1996-10-01,1996,10,-2.37,31,981.69,31,1.89,28
1996-11-01,1996,11,-0.42,30,974.54,30,1.76,22
1996-12-01,1996,12,1.63,31,986.68,31,1.8,25
1997-01-01,1997,1,2.85,31,985.47,31,1.21,26
1997-02-01,1997,2,1.74,28,991.27,28,2.87,26
1997-03-01,1997,3,0.45,31,988.46,31,2.9,27
1997-04-01,1997,4,-1.48,30,983.49,30,2.14,27
1997-05-01,1997,5,-2.51,31,997.11,31,1.58,30
1997-06-01,1997,6,-3.76,30,1000.86,30,1.95,28
1997-07-01,1997,7,-7.79,31,987.07,31,2.03,29
1997-08-01,1997,8,-6.86,31,982.33,31,1.94,27
1997-09-01,1997,9,-8.65,30,992.42,30,1.58,26
1997-10-01,1997,10,-2.85,31,987.65,31,2.08,29
1997-11-01,1997,11,-1.63,30,994.67,30,1.52,27
1997-12-01,1997,12,1.53,31,996.33,31,0.7,30
1998-01-01,1998,1,2.94,31,982.89,31,1.8,30
1998-02-01,1998,2,2.07,28,992.57,28,4.19,28
1998-03-01,1998,3,1.04,31,988.04,31,2.09,31
1998-04-01,1998,4,0.49,30,990.63,30,4.41,30
1998-05-01,1998,5,-2.77,31,999.25,31,2.22,31
1998-06-01,1998,6,-1.03,30,993.1,30,2.52,30
1998-07-01,1998,7,-3.56,31,974.18,31,1.29,31
1998-08-01,1998,8,-4.86,31,981.49,31,1.3,31
1998-09-01,1998,9,-5.49,30,986.39,30,1.78,30
1998-10-01,1998,10,-1.59,31,976.71,31,1.12,26
1998-11-01,1998,11,-0.08,30,980.69,30,1.43,27
1998-12-01,1998,12,1.2,31,980.3,31,0.88,30
1999-01-01,1999,1,2.44,31,986.21,31,2.58,31
1999-02-01,1999,2,2.15,28,980.32,28,3.22,28
1999-03-01,1999,3,1.56,31,991.04,31,4.78,29
1999-04-01,1999,4,0.25,30,983.66,30,4.98,27
1999-05-01,1999,5,-0.62,31,988.76,31,1.58,28
1999-06-01,1999,6,-3.83,30,994.06,30,1.72,29
1999-07-01,1999,7,-3.64,31,985.4,31,2.99,27
1999-08-01,1999,8,-8.12,31,987.58,31,1.5,26
1999-09-01,1999,9,-6.82,30,989.09,30,2.42,24
1999-10-01,1999,10,-2.18,31,982.7,31,1.41,30
1999-11-01,1999,11,-0.03,30,982.96,30,3.22,26
1999-12-01,1999,12,1.06,31,979.31,31,2.29,28
2000-01-01,2000,1,1.68,31,977.74,31,1.87,29
2000-02-01,2000,2,1.81,29,992.19,29,2.77,29
2000-03-01,2000,3,0.8,31,999.26,31,2.69,26
2000-04-01,2000,4,-0.53,30,983.3,30,4.45,28
2000-05-01,2000,5,-2.06,31,994.06,31,2.79,30
2000-06-01,2000,6,-2.83,30,992.06,30,2.37,27
2000-07-01,2000,7,-3.24,31,1000.82,31,0.94,27
2000-08-01,2000,8,-5.42,31,988.35,31,1.01,27
2000-09-01,2000,9,-6.8,30,998.68,30,1.17,24
2000-10-01,2000,10,-1.36,31,985.59,31,2.09,25
2000-11-01,2000,11,-0.32,30,991.18,30,1.69,27
2000-12-01,2000,12,1.89,31,986.09,31,0.37,27
2001-01-01,2001,1,2.53,31,985.86,31,0.84,26
2001-02-01,2001,2,2.65,28,985.67,28,1.5,21
2001-03-01,2001,3,1.62,31,982.83,31,2.73,28
2001-04-01,2001,4,-1.55,30,983.08,30,2.43,28
2001-05-01,2001,5,-0.17,31,993.51,31,1.18,29
2001-06-01,2001,6,-4.24,30,989.19,30,1.02,25
2001-07-01,2001,7,-6.47,31,993.6,31,1.24,31
2001-08-01,2001,8,-5.67,31,975.35,31,2.77,31
2001-09-01,2001,9,-5.07,30,986.95,30,3.13,28
2001-10-01,2001,10,-2.28,31,976.53,31,7.59,31
2001-11-01,2001,11,-1.06,30,974.18,30,4.57,28
2001-12-01,2001,12,0.91,31,976.95,31,2.87,28
2002-01-01,2002,1,2.03,31,983.85,31,2.76,29
2002-02-01,2002,2,1.63,28,981.6,28,5.22,27
2002-03-01,2002,3,-0.29,31,988.92,31,1.41,24
2002-04-01,2002,4,0.2,30,983.12,30,1.79,28
2002-05-01,2002,5,-4.75,31,991.6,31,1.6,28
2002-06-01,2002,6,-8.66,30,988.31,30,1.41,27
2002-07-01,2002,7,-7.62,31,991.18,31,3.98,30
2002-08-01,2002,8,-6.75,31,996.43,31,1.72,29
2002-09-01,2002,9,-2.72,30,998.98,30,1.63,30
2002-10-01,2002,10,-4.53,31,984.49,31,2.16,27
2002-11-01,2002,11,-1.21,30,986.42,30,1,27
2002-12-01,2002,12,1.55,31,984.73,31,2.79,29
2003-01-01,2003,1,2.99,31,988.84,31,0.73,29
2003-02-01,2003,2,2.29,28,981.49,28,2.83,25
2003-03-01,2003,3,0.32,31,993.65,31,3.06,27
2003-04-01,2003,4,-0.61,30,989.68,30,2.92,28
2003-05-01,2003,5,-2.44,31,987.74,31,2.16,30
2003-06-01,2003,6,-4.54,30,996.29,30,2.19,30
2003-07-01,2003,7,-3.07,31,980.59,31,3.11,29
2003-08-01,2003,8,-1.85,31,982.22,31,3.58,31
2003-09-01,2003,9,-4.24,30,987.82,30,3.2,28
2003-10-01,2003,10,-2.78,31,982.81,31,1.92,28
2003-11-01,2003,11,-0.91,30,983.5,30,0.58,28
2003-12-01,2003,12,0.72,31,994.58,31,0.14,31
2004-01-01,2004,1,2.69,31,984.97,31,0.73,31
2004-02-01,2004,2,2.01,29,995.77,29,3.07,29
2004-03-01,2004,3,1.38,31,986.12,31,2.37,31
2004-04-01,2004,4,-0.31,30,990.72,30,2.23,30
2004-05-01,2004,5,-2.32,31,992.28,31,2.96,31
2004-06-01,2004,6,-2.81,30,987.89,30,0.49,30
2004-07-01,2004,7,-3.4,31,988.06,31,0.82,31
2004-08-01,2004,8,-6.9,31,989.55,31,0.78,31
2004-09-01,2004,9,-6.83,30,978.06,30,0.87,30
2004-10-01,2004,10,-4.23,31,987.49,31,1.65,31
2004-11-01,2004,11,0.01,30,991.95,30,1.63,30
2004-12-01,2004,12,1.29,31,990.2,31,1.17,31
2005-01-01,2005,1,1.55,31,985.45,31,1.51,31
2005-02-01,2005,2,1.55,28,983.9,28,4.08,28
2005-03-01,2005,3,0.49,31,987.88,31,2.24,31
2005-04-01,2005,4,-1.05,30,982.17,30,1.01,30
2005-05-01,2005,5,-2.76,31,993.4,31,0.89,31
2005-06-01,2005,6,-5.73,30,995.8,30,0.47,30
2005-07-01,2005,7,-5.73,31,995.94,31,1,31
2005-08-01,2005,8,-6.08,31,990.85,31,1,31
2005-09-01,2005,9,-2.68,30,998.21,30,0.67,30
2005-10-01,2005,10,-1.42,31,989.98,31,1.4,31
2005-11-01,2005,11,0.16,30,991.27,30,0.46,30
2005-12-01,2005,12,0.44,31,993.72,30,0.67,31
2006-01-01,2006,1,2.35,31,990.88,31,0.8,31
2006-02-01,2006,2,2.85,28,994.27,28,1.16,28
2006-03-01,2006,3,2.34,31,976.85,31,3.16,31
2006-04-01,2006,4,-0.07,22,991.24,22,1.12,30
2006-05-01,2006,5,-1.42,31,985.03,31,2.09,31
2006-06-01,2006,6,-2.92,30,996.7,30,1.59,30
2006-07-01,2006,7,-4.31,31,992.48,31,1.04,31
2006-08-01,2006,8,-6.21,31,999.22,31,0.59,31
2006-09-01,2006,9,-5.45,30,988.98,30,1.72,30
2006-10-01,2006,10,-0.52,31,987.8,31,1.5,31
2006-11-01,2006,11,-0.46,30,980.61,30,0.67,30
2006-12-01,2006,12,2.31,31,983.03,31,0.87,31
2007-01-01,2007,1,2.73,31,990.53,31,0.7,31
2007-02-01,2007,2,1.96,28,987.02,28,1.82,28
2007-03-01,2007,3,0.05,31,987.54,31,0.83,31
2007-04-01,2007,4,-1.93,30,989.71,30,1.55,30
2007-05-01,2007,5,-2.07,31,997.55,31,0.89,31
2007-06-01,2007,6,-4.32,30,990.5,30,0.4,30
2007-07-01,2007,7,-6.52,31,992.73,31,0.53,31
2007-08-01,2007,8,-4.55,31,984.24,31,0.93,31
2007-09-01,2007,9,-2.35,30,993.91,30,1.9,30
2007-10-01,2007,10,-2.65,31,981.85,31,0.77,31
2007-11-01,2007,11,-0.79,30,989.15,30,0.64,30
2007-12-01,2007,12,1.17,31,982.7,31,1.44,31
2008-01-01,2008,1,2.16,31,985.5,31,2.66,31
2008-02-01,2008,2,2.22,29,986.41,29,1.44,29
2008-03-01,2008,3,1.27,31,988.1,31,2.66,31
2008-04-01,2008,4,-0.49,27,983.49,27,2.23,27
2008-05-01,2008,5,-0.88,31,989.53,31,2.01,31
2008-06-01,2008,6,-1.89,30,989.79,30,1.42,30
2008-07-01,2008,7,-3.93,31,993.78,31,0.76,31
2008-08-01,2008,8,-7.11,31,988.04,31,0.25,31
2008-09-01,2008,9,-1.04,30,995.92,30,2.77,30
2008-10-01,2008,10,-0.58,31,981.51,31,1.26,31
2008-11-01,2008,11,0.59,30,980.82,30,1.94,30
2008-12-01,2008,12,0.72,31,979.72,31,1.81,31
2009-02-01,2009,2,2.3,28,985.2,28,1.81,28
2009-04-01,2009,4,-1.58,30,989.42,30,0.71,30
2009-05-01,2009,5,-0.99,31,984.53,31,1.61,31
2009-06-01,2009,6,-3.98,30,986.89,30,0.06,30
2009-07-01,2009,7,-6.13,31,991.92,31,0.63,31
2009-08-01,2009,8,-3.83,31,999.55,31,0.1,31
2009-09-01,2009,9,-4.43,30,986.38,30,0.69,30
2009-10-01,2009,10,-2.86,31,975.06,31,0.64,8
2009-11-01,2009,11,-1.27,30,984.5,30,0,0
2009-12-01,2009,12,1.54,31,985.94,31,1.22,31
2010-01-01,2010,1,1.76,31,989.31,31,0.39,31
2010-02-01,2010,2,1.79,28,993.02,28,1.51,28
2010-03-01,2010,3,0.77,31,985.54,31,1.12,31
2010-04-01,2010,4,-0.83,30,982.67,30,3.75,30
2010-05-01,2010,5,-1.52,31,982.92,31,2.23,31
2010-06-01,2010,6,-1.82,30,983.52,30,1.68,30
2010-07-01,2010,7,-4.44,31,990.06,31,1.85,31
2010-08-01,2010,8,-3.9,31,988.62,31,0.59,31
2010-09-01,2010,9,-2.34,30,988.12,30,1.03,30
2010-10-01,2010,10,-0.19,31,980.65,31,2.79,31
2010-11-01,2010,11,0.85,30,983.17,30,2.78,30
2010-12-01,2010,12,1.43,31,980.07,31,0.1,31
2011-01-01,2011,1,2.12,31,991.33,31,0.65,31
2011-02-01,2011,2,2.43,28,985.95,28,2.89,28
2011-03-01,2011,3,0.13,31,989.32,31,1.16,31
2011-04-01,2011,4,-1.9,30,985,30,0.27,30
2011-05-01,2011,5,-1.42,31,985.89,31,1.61,31
2011-06-01,2011,6,-4.15,30,990.45,30,0.68,30
2011-07-01,2011,7,-6.36,31,998.23,31,0.61,31
2011-08-01,2011,8,-7.16,31,1003.03,31,0.51,31
2011-09-01,2011,9,-5.75,30,991.75,30,0.86,30
2011-10-01,2011,10,-2.01,31,983.94,31,1.8,31
2011-11-01,2011,11,0.16,30,985.6,30,1.29,30
2011-12-01,2011,12,1.55,31,983.82,31,2.45,31
2012-01-01,2012,1,1.14,31,984.26,31,2.28,31
2012-02-01,2012,2,0.95,29,982.83,29,1.27,29
2012-03-01,2012,3,1.35,31,987.99,31,1.48,31
2012-04-01,2012,4,-0.84,30,992.98,30,0.8,30
2012-05-01,2012,5,-0.47,31,990.73,31,0.71,31
2012-06-01,2012,6,-5.01,30,975.2,30,1.09,30
2012-07-01,2012,7,-3.42,31,986.03,31,0.75,31
2012-08-01,2012,8,-3.29,31,984.77,31,0.93,31
2012-09-01,2012,9,-3.13,30,991.75,30,1.21,30
2012-10-01,2012,10,-4,31,981.07,31,0.86,31
2012-11-01,2012,11,-1.36,30,984.44,30,0.47,30
2012-12-01,2012,12,0.94,31,992.79,31,0.07,31
2013-01-01,2013,1,2.28,31,987.18,31,2.72,31
2013-02-01,2013,2,1.84,28,987.11,28,1.86,28
2013-03-01,2013,3,1.44,31,994.55,31,3.09,31
2013-04-01,2013,4,0.8,30,983.01,30,4.22,30
2013-05-01,2013,5,-1.82,31,985.15,31,1.24,31
2013-06-01,2013,6,-3.52,30,978.37,30,0.78,30
2013-07-01,2013,7,-5.12,31,983.76,31,0.96,31
2013-08-01,2013,8,-6.58,31,988.91,31,0.47,31
2013-09-01,2013,9,-7.25,30,995.48,30,0.51,30
2013-10-01,2013,10,-2.79,31,981.19,31,0.87,31
2013-11-01,2013,11,-2.22,30,978.11,30,1.62,30
2013-12-01,2013,12,-0.21,31,986.81,31,0.25,31
2014-01-01,2014,1,1.33,31,990.02,31,0.84,31
2014-02-01,2014,2,0.86,28,988.43,28,1.94,28
2014-03-01,2014,3,0.06,31,982.27,31,0.85,31
2014-04-01,2014,4,-0.26,30,994.47,30,1.29,30
2014-05-01,2014,5,-0.87,31,990.88,31,0.52,31
2014-06-01,2014,6,-2.88,30,991.13,30,1.12,30
2014-07-01,2014,7,-3.95,31,991.13,31,1.06,31
2014-08-01,2014,8,-5.55,31,994.86,31,0.64,31
2014-09-01,2014,9,-3.57,30,996.06,30,0.65,30
2014-10-01,2014,10,-3,31,979.93,31,1.77,31
2014-11-01,2014,11,-1.27,30,978.66,30,0.71,30
2014-12-01,2014,12,0.35,31,982.38,31,0.5,31
2015-01-01,2015,1,1.71,31,989.35,31,1.72,31
2015-02-01,2015,2,1.53,28,984.98,28,1.51,28
2015-03-01,2015,3,0.5,31,985.91,31,2.02,31
2015-04-01,2015,4,-0.4,30,986.48,30,1.74,30
2015-05-01,2015,5,-2.67,31,989.27,31,0.69,31
2015-06-01,2015,6,-6.21,30,981.82,30,0,30
2015-07-01,2015,7,-10.72,31,984.4,31,0,31
2015-08-01,2015,8,-9.12,31,982.52,31,0,31
2015-09-01,2015,9,-9.66,30,983.13,30,0.68,30
2015-10-01,2015,10,-2.81,31,988.07,31,3.32,31
2015-11-01,2015,11,-1.54,30,977.44,30,1.69,30
2015-12-01,2015,12,-0.12,31,982.25,31,0.93,31
2016-01-01,2016,1,0.87,31,984.89,31,1.42,31
2016-02-01,2016,2,1.17,29,982,29,2.01,29
2016-03-01,2016,3,0.43,31,979.5,31,3.74,31
2016-04-01,2016,4,-2.8,30,983.1,30,1.42,30
2016-05-01,2016,5,-2.16,31,1000.47,31,1.27,31
2016-07-01,2016,7,-6.78,30,993.04,30,0.75,30
2016-08-01,2016,8,-7.5,31,990.15,31,1.82,31
2016-09-01,2016,9,-1.81,29,983.78,29,5.5,29
2016-10-01,2016,10,-1.25,31,989.13,31,2.39,31
2016-11-01,2016,11,-1.31,30,980.74,30,1.18,30
2016-12-01,2016,12,0.86,30,988.03,30,0.18,30
2017-01-01,2017,1,2.56,30,983.83,30,0.85,30
2017-02-01,2017,2,2.67,28,989.92,28,0.99,28
2017-03-01,2017,3,1.96,31,997.61,31,4.35,31
2017-04-01,2017,4,0.36,14,989.37,14,2.09,14
2017-06-01,2017,6,0.36,14,989.37,14,2.09,14
2017-07-01,2017,7,-4.35,31,979.74,31,3.81,31
2017-08-01,2017,8,-4.55,31,983.77,31,0.58,31
2017-09-01,2017,9,-7.64,30,972.81,30,4.09,30
2017-10-01,2017,10,-3.41,31,978.96,31,1.82,31
2017-11-01,2017,11,-1.19,30,983.38,30,1.31,30
2017-12-01,2017,12,1.19,31,975.08,31,0.63,31
2018-01-01,2018,1,1.78,30,981.52,30,1.84,30
2018-02-01,2018,2,2.65,27,979.3,27,1.31,27
2018-03-01,2018,3,1.24,31,975.78,31,5.83,31
2018-04-01,2018,4,0.06,28,983.4,28,1.39,28
2018-05-01,2018,5,-2.78,31,985.36,31,1.05,31
2018-06-01,2018,6,-3.24,30,989.93,30,1.57,30
2018-07-01,2018,7,-4.89,31,988.95,31,2.95,31
2018-09-01,2018,9,-5.6,30,985.31,30,3.1,30
2018-10-01,2018,10,-2.64,31,990.92,31,1.26,31
2019-01-01,2019,1,1.21,31,980.53,31,0.71,31
2019-03-01,2019,3,0.84,31,986.08,31,3.33,31
